number,value,datetime_start,datetime_complete,duration,params_cat_class_weight_0_cb,params_cat_depth,params_cat_iterations,params_cat_l2_leaf_reg,params_cat_learning_rate,params_lgbm_colsample_bytree,params_lgbm_learning_rate,params_lgbm_max_depth,params_lgbm_n_estimators,params_lgbm_num_leaves,params_lgbm_reg_alpha,params_lgbm_reg_lambda,params_lgbm_scale_pos_weight,params_rf_max_depth,params_rf_min_samples_leaf,params_rf_n_estimators,params_smote_k_neighbors,params_w_cat,params_w_lgbm,params_w_rf,params_w_xgb,params_xgb_learning_rate,params_xgb_max_depth,params_xgb_n_estimators,params_xgb_scale_pos_weight,state
0,0.5101824312656205,2025-05-07 22:44:29.487247,2025-05-07 22:44:56.363110,0 days 00:00:26.875863,6.693052598243289,8,175,13.540804321249833,0.005362604871585998,0.645614570099021,0.009329979812452458,4,75,52,0.042051564509138675,0.01444525102276306,6.312602499862605,12,10,250,3,0.7644055944226988,0.9393364692232201,0.32201302827148154,0.6196820646436755,0.006092093251110881,4,75,8.728673384861883,COMPLETE
1,0.508668996514371,2025-05-07 22:44:56.363385,2025-05-07 22:45:35.308448,0 days 00:00:38.945063,0.9618424892497941,10,250,1.4090340145923617,0.07817554354066729,0.6293899908000085,0.007572430131375705,6,200,79,0.00014857392806279257,3.5204810455260365,6.793961701362829,10,10,75,6,1.1160850447193953,0.4104661882747777,0.6578365983743514,1.0641326412967311,0.00893006894469855,7,50,1.1179901333601554,COMPLETE
2,0.5141857979179413,2025-05-07 22:45:35.308677,2025-05-07 22:46:02.545588,0 days 00:00:27.236911,6.664152571385049,6,50,1.258303563775148,0.018753981798128025,0.9934434683002586,0.03166634387660921,5,125,29,1.025616274847307,0.0002359137306347715,7.836325308318245,15,14,200,7,1.6401497854869267,1.4283718205028535,0.43749557899163616,0.06076812839102468,0.00675591473822541,10,175,2.3618371929818793,COMPLETE
3,0.5136110910034513,2025-05-07 22:46:02.545767,2025-05-07 22:46:15.251746,0 days 00:00:12.705979,5.172948276570662,6,50,5.979801915095919,0.015111417378233677,0.8854835899772805,0.007509745286187187,6,225,110,0.6366859160799433,0.06403036652671171,5.191058165461712,4,7,200,6,0.09956729715098561,0.2603882826369437,1.0693290172948884,0.8837049857991718,0.04165401945150998,9,75,3.6435312361001673,COMPLETE
4,0.5120358583615235,2025-05-07 22:46:15.251958,2025-05-07 22:46:26.735427,0 days 00:00:11.483469,7.45164168827207,4,100,0.8651937917102939,0.013395780849733079,0.7696711209578253,0.09687750932060209,8,225,123,0.0008567424667875064,2.902652141826388,8.170681474058593,7,9,175,1,0.2646012528289697,0.49447356695678624,1.7973780348508117,0.6701067761951346,0.020190884410359194,4,250,7.677735816158963,COMPLETE
5,0.5191982041145794,2025-05-07 22:46:26.735710,2025-05-07 22:47:00.219583,0 days 00:00:33.483873,5.683547879382387,10,125,2.9193533134164746,0.01500997347620148,0.6424202471887338,0.13201441642702172,10,125,45,0.030636738485558444,0.0031944165636003663,0.8504259998680616,14,2,225,3,0.15038356493747923,0.5933606052613923,1.2386504512607988,1.0302240952962798,0.010642659608192148,6,150,1.6387209896699866,COMPLETE
6,0.5143415976598621,2025-05-07 22:47:00.219860,2025-05-07 22:47:16.977521,0 days 00:00:16.757661,5.141531743934979,9,100,4.294992266552082,0.017467481292559626,0.795446471594121,0.08566690457198017,3,150,55,0.0008562341633595543,0.00015991003111214837,6.936861437501683,5,8,100,7,0.491666761635979,1.3080869412984273,0.0823462664093195,1.048581463683598,0.04918081342450013,4,250,7.735386345622817,COMPLETE
7,0.5091479009841305,2025-05-07 22:47:16.977700,2025-05-07 22:47:27.521588,0 days 00:00:10.543888,4.530566330475806,5,225,8.055755677988527,0.04718961851786744,0.6695148955243504,0.006862685260391494,4,150,136,3.1775345821188252,0.14638860976621423,3.8174909588202786,8,15,200,2,1.7798185273169786,1.5707573144223665,1.4656135737969669,1.7993650069075253,0.00735502501963561,5,75,9.284589373646346,COMPLETE
8,0.511263296108655,2025-05-07 22:47:27.521855,2025-05-07 22:47:30.789011,0 days 00:00:03.267156,5.285297824120284,5,50,5.259968058575738,0.032323348732461996,0.924611705247089,0.011205098384556906,8,100,55,0.540078670128653,0.17707795393478512,6.747322476853262,5,14,50,5,0.7670458159658954,0.5671446169793647,1.1582017765041697,0.23266579726478032,0.007060830353103754,3,175,6.80326680652653,COMPLETE
9,0.514336828185967,2025-05-07 22:47:30.789181,2025-05-07 22:47:54.020152,0 days 00:00:23.230971,0.38966453816533997,5,150,1.2992862086669055,0.05836055042979319,0.5077283082644337,0.12250148925529065,4,175,144,3.7525108021939446,0.007092404574999809,9.31902634458339,8,14,250,2,1.9290589553240431,1.713368438161352,0.884959089218763,1.9349768971351557,0.027632866443278843,9,175,5.980586903950411,COMPLETE
10,0.5175303861541133,2025-05-07 22:47:54.020316,2025-05-07 22:48:22.865065,0 days 00:00:28.844749,2.5424562465664495,10,150,2.9594973824301882,0.13431936694165347,0.5051449672188946,0.041124133447204066,10,50,12,0.03239920963695414,0.0017974706693897474,1.2750125997101103,15,2,125,4,1.2922211673634747,0.9117639097547072,1.9943770410069463,1.5547450793510298,0.13081808062389466,7,125,4.228302474975007,COMPLETE
11,0.5208989582324661,2025-05-07 22:48:22.865250,2025-05-07 22:48:54.249023,0 days 00:00:31.383773,2.5668811469307524,10,150,2.664627422951085,0.14899697352353258,0.5252213299022878,0.04409391197129417,10,50,12,0.02670244203522915,0.0014742637594103737,0.7390939142616175,15,3,125,4,1.34190834204302,0.8896782243529485,1.9888098956536975,1.5016417935542077,0.13706189409000202,7,125,4.144135767847526,COMPLETE
12,0.5169791555232822,2025-05-07 22:48:54.249235,2025-05-07 22:49:32.236678,0 days 00:00:37.987443,2.995444221366227,8,200,2.4739166258561403,0.006102613081029849,0.5820277679886148,0.056000069072821276,10,50,17,0.008662526266380968,0.0014301865937857794,0.8448957257051237,13,2,150,4,1.3521952766889807,0.7851421429944377,1.5274716485766762,1.4733105391126449,0.14234488853700822,6,125,0.6254838301435264,COMPLETE
13,0.5175658152732981,2025-05-07 22:49:32.236861,2025-05-07 22:49:52.179897,0 days 00:00:19.943036,3.131351235611921,9,100,2.3010988634843823,0.13977669472590193,0.5817049473161602,0.018191834885884713,9,100,37,0.10807016710242091,0.001706415299616405,2.7807456823005032,13,5,125,3,0.833648582131296,0.05126797642536851,1.4664839129265446,1.3449053615430724,0.014322114525373582,8,125,2.9224530568990277,COMPLETE
14,0.5141583959433649,2025-05-07 22:49:52.180107,2025-05-07 22:50:17.855855,0 days 00:00:25.675748,1.7000539794631488,10,125,3.307169700373085,0.008676905627017353,0.72011409451079,0.1487146964326183,8,100,70,0.00801086340108856,0.0006633126238011879,2.2051822476422775,11,4,150,3,1.4640650219138578,1.1075979086834928,1.7398401151338982,1.2718705887425488,0.06646563236749595,6,200,4.963240925615068,COMPLETE
15,0.514237030296817,2025-05-07 22:50:17.856025,2025-05-07 22:50:42.863275,0 days 00:00:25.007250,3.988239533431704,8,175,0.5159263646416397,0.031683137370322384,0.5565752448975478,0.06223107802433037,9,75,31,0.004004199701038091,0.008710482984540373,0.5024900668947714,14,4,225,5,0.4926203088405967,1.9824064443843001,1.273183829786283,1.5826521450027757,0.013934292200424558,8,150,2.1336219707403807,COMPLETE
16,0.0,2025-05-07 22:50:42.863450,2025-05-07 22:51:10.560923,0 days 00:00:27.697473,2.0290977360040254,9,125,1.851155196843229,0.009871500910694933,0.7039392959646639,0.017464937774032088,10,150,99,0.07745790270324894,0.5193714652763215,4.133113053704525,15,6,100,1,1.0482194218303778,0.7120416419374929,0.8596193264940901,0.7493349551349276,0.08494593132566432,5,100,1.7058692239692816,COMPLETE
17,0.5147970172756889,2025-05-07 22:51:10.561114,2025-05-07 22:51:33.098882,0 days 00:00:22.537768,3.9061779771014025,7,175,8.825116370503693,0.08139535253925777,0.6048015988570616,0.059159358140258404,7,250,40,0.2068953276665134,0.004949654532065256,2.2246972036824384,12,3,150,4,0.4784694068275425,1.2058345883085986,1.9722722271559199,1.176002511557042,0.02811551380437163,8,200,3.5548370713937905,COMPLETE
18,0.5110471647407079,2025-05-07 22:51:33.099053,2025-05-07 22:52:02.099730,0 days 00:00:29.000677,5.9302717771788025,10,125,3.3981658024194816,0.025311453117884675,0.5543024787172945,0.022183505574749192,9,125,12,0.013099682461373855,0.0006028793626741486,3.6164809731185255,13,5,175,2,1.5480818064723099,0.7190590279191402,1.6809531394901436,0.424889789872123,0.012067264931903564,6,150,5.106524627926496,COMPLETE
19,0.5143031184441277,2025-05-07 22:52:02.099909,2025-05-07 22:52:25.438914,0 days 00:00:23.339005,7.555285288593419,9,75,0.7444231780388662,0.04371448253947328,0.809377298679103,0.0375635029199106,7,75,70,0.0022045254125683334,0.0038083058420248467,1.6946410236573288,10,2,50,5,1.227599748401939,0.25779945943843097,1.2848742734674654,0.8937542536906069,0.09062664997233037,7,100,6.015267166416206,COMPLETE
20,0.5131839565264021,2025-05-07 22:52:25.439161,2025-05-07 22:52:40.383600,0 days 00:00:14.944439,3.516922500588707,7,200,1.7091595689391754,0.02321360269476378,0.6948470044818753,0.08891274029739372,9,175,93,0.2712622329271834,0.027366415978458354,3.024857604980289,14,11,100,3,0.9099030990047796,1.04026825484118,0.8895533786321503,1.8583880777021844,0.019741179968232235,5,225,4.209985386090631,COMPLETE
21,0.5131158663861232,2025-05-07 22:52:40.383766,2025-05-07 22:53:02.141763,0 days 00:00:21.757997,3.024792428766728,9,100,2.5796346785742648,0.14712317899034894,0.5531375239317615,0.019657834108832938,10,100,38,0.10947900450836073,0.0012048629820193247,2.3618411658876477,13,4,125,3,0.09298148441298121,0.06810219669683748,1.5476487730214965,1.3718907753867182,0.012082951086305844,8,125,2.405028255281103,COMPLETE
22,0.5167086502457908,2025-05-07 22:53:02.141935,2025-05-07 22:53:22.737080,0 days 00:00:20.595145,1.6095166327938335,10,75,1.9949980863441419,0.09813702736753688,0.5969104585726733,0.013196877909915012,9,125,23,0.025269236750107095,0.0005083756721388037,1.5090203165684908,14,6,125,3,0.6878024926830156,0.10687528760393705,1.305285422192608,1.6240156925877973,0.017492503255211213,9,125,3.308930887618961,COMPLETE
23,0.51475311981085,2025-05-07 22:53:22.737272,2025-05-07 22:53:51.376929,0 days 00:00:28.639657,4.499258579763303,9,150,3.9061147392026827,0.11305724680279726,0.6475727038134068,0.02592490484981057,10,50,47,0.087080551382696,0.003274794119353152,2.833166042661919,12,3,175,4,0.279406592939057,0.3476626318395691,1.4418902638734967,1.3051386922503463,0.009811019422053964,8,100,2.8700072415994997,COMPLETE
24,0.0,2025-05-07 22:53:51.377093,2025-05-07 22:54:22.097105,0 days 00:00:30.720012,2.8219327173861197,10,125,5.172466416425842,0.06678520734195095,0.5298216438357184,0.016084900675384456,9,100,64,0.020288131266939857,0.0001270804258174395,4.950159543629099,14,5,75,2,0.947658694345334,0.6030147761173267,1.7608820772583431,1.2129038675375987,0.034861197542635676,7,150,1.3876477751956848,COMPLETE
25,0.5228201384395655,2025-05-07 22:54:22.097273,2025-05-07 22:54:45.205658,0 days 00:00:23.108385,6.000623291359422,8,75,2.281937544325102,0.10484715873767372,0.6121420536179302,0.005073070346196962,8,75,28,0.0029373937005280704,0.0210841242590164,0.5424278180201914,11,3,125,5,1.1775455692922865,0.785385172147718,1.863947486192453,1.6511294601724686,0.015105403012205754,10,125,0.6253213508459368,COMPLETE
26,0.5202793573956227,2025-05-07 22:54:45.205816,2025-05-07 22:55:13.251437,0 days 00:00:28.045621,6.147331667027355,8,75,1.5626054922976245,0.09391510901499893,0.6141063646848169,0.04135091994130314,8,75,24,0.002442078910833871,0.0320712078370404,0.6064799806584574,11,2,225,5,1.1737068640670907,0.8347659571330437,1.8955538232468307,1.7271327303184143,0.022436633043422714,10,150,1.3244659619431984,COMPLETE
27,0.5157963893153606,2025-05-07 22:55:13.251603,2025-05-07 22:55:30.071437,0 days 00:00:16.819834,6.526949066702659,8,75,1.5812123796024864,0.10048195874198557,0.6099058444725641,0.0453303695290882,7,75,23,0.0001648075965360065,0.03274268080080912,0.5105952542020322,9,3,150,6,1.132192285980287,0.8591838036194857,1.883309648591423,1.7533967666460468,0.023194755221137075,10,100,0.7899576968717279,COMPLETE
28,0.0,2025-05-07 22:55:30.071697,2025-05-07 22:55:55.250642,0 days 00:00:25.178945,6.187893544665757,7,75,0.9649637635996959,0.11028407855927226,0.7332615189955319,0.0054401945144789,8,50,11,0.0009664883199105398,0.8745012674735775,1.5566582886357867,11,7,75,5,1.4507009708237184,1.1293035284489097,1.6485759131186217,1.99407681550573,0.005009282463167776,10,175,0.6885845769055562,COMPLETE
29,0.5173865246383231,2025-05-07 22:55:55.250867,2025-05-07 22:56:05.747322,0 days 00:00:10.496455,7.217691372077944,8,50,14.824230456180299,0.05328139712546121,0.6732568144536306,0.03456521804509085,6,75,26,0.002800187777523703,0.01525063840316566,4.416519875965246,11,3,225,5,1.6596933417723339,0.9512523515080276,1.8840929186848148,1.7128644296247761,0.0523602963602056,9,50,4.408211905823984,COMPLETE
30,0.5145334845576978,2025-05-07 22:56:05.747496,2025-05-07 22:56:23.409552,0 days 00:00:17.662056,7.052981428560133,7,200,1.0974594495928256,0.08085702628561028,0.5411644804937005,0.027155302042250997,8,75,19,0.0003657135194034949,0.09042180706193993,1.8302912860114526,9,11,250,6,1.1973255904392255,1.2321687054428105,1.8433952698678933,1.4784449396775041,0.03446214004234333,10,75,2.0850071807031334,COMPLETE
31,0.5159527881378959,2025-05-07 22:56:23.409720,2025-05-07 22:56:46.868584,0 days 00:00:23.458864,7.94650730652269,8,175,2.2104238593671157,0.038197249879368254,0.6426154206344372,0.07352995561481848,10,50,48,0.0062577782911940215,0.02035442005882924,1.0251694587392608,12,2,225,4,1.3493640271344818,0.6573918930282902,1.6433976330767175,1.696577492010534,0.017263839345791593,9,150,1.4769448802630598,COMPLETE
32,0.5156861218872796,2025-05-07 22:56:46.868750,2025-05-07 22:57:19.203712,0 days 00:00:32.334962,5.653114394776559,9,100,2.9122386862357907,0.07041265556336467,0.646790476580462,0.05103056920318076,7,75,33,0.0016661110078422345,0.010603843816161253,1.0703281076449298,10,4,250,4,0.9988968510820941,0.8142993423469986,1.9915092903814187,1.4397500508210235,0.010001789912883549,10,150,1.2123698850811462,COMPLETE
33,0.5118273077495179,2025-05-07 22:57:19.203876,2025-05-07 22:57:29.403853,0 days 00:00:10.199977,4.548763051901842,6,150,1.5167445686542615,0.09254982580048496,0.6227562118357508,0.010288214192635462,5,125,42,0.04331131373580208,0.04776733708832506,0.6625742287535629,15,2,225,6,1.121350012998491,0.9684693080975451,0.5051578785869449,0.4796313951139698,0.008562776648896937,6,200,0.550766682660405,COMPLETE
34,0.5146709518146876,2025-05-07 22:57:29.404020,2025-05-07 22:57:51.402535,0 days 00:00:21.998515,6.3929456203884865,10,75,4.229491926450717,0.011561381808934944,0.5768037805668825,0.07198592589016226,9,50,30,0.015269624248279238,0.003102543724437138,5.961201264709962,11,3,200,5,0.6227181326317459,0.5179520903241592,1.609399187723049,0.95246314334863,0.01497603258665973,3,150,1.761349084092249,COMPLETE
35,0.0,2025-05-07 22:57:51.402706,2025-05-07 22:58:07.478959,0 days 00:00:16.076253,5.605331622328838,8,125,6.9789955665461925,0.12101053353635659,0.6844151638931871,0.11966257712099751,8,100,62,0.00036074862902842064,0.28014959549439084,2.004338478810633,12,6,175,6,1.4738868180313942,0.42417201664247234,0.6922346371090892,1.1316769633662513,0.023114519122297242,4,175,2.6759977706268847,COMPLETE
36,0.5175346163822271,2025-05-07 22:58:07.479175,2025-05-07 22:58:27.972003,0 days 00:00:20.492828,4.972025435165,6,50,11.117649491626196,0.007497184775581646,0.5263263531788445,0.03320384044090596,6,175,83,0.004992189892378127,0.00039768746336134433,3.3133171008702007,15,4,100,5,1.6523000611023337,0.7717116431283015,1.8709818417946749,1.846509024149554,0.010841584811686582,10,125,1.141126655082866,COMPLETE
37,0.0,2025-05-07 22:58:27.972171,2025-05-07 22:58:50.929929,0 days 00:00:22.957758,5.845618309350628,9,100,1.995609505296793,0.019615046172202243,0.6184792496757405,0.0050150870429716485,5,125,19,0.045794199584321224,9.25557160642388,1.2414758566711281,10,2,200,7,1.2583475644511746,1.3312158604538937,1.0655816271061425,1.619120980566026,0.008344744248452676,7,100,2.0993978865849034,COMPLETE
38,0.5167216823558277,2025-05-07 22:58:50.930097,2025-05-07 22:59:09.534828,0 days 00:00:18.604731,6.931222922609703,10,75,1.2386227940532462,0.014198146688644844,0.8655978119192351,0.008547380440259766,10,75,26,0.001797235268742939,0.0690652494056656,2.394166357271268,7,3,175,3,1.0627162142041715,1.0403075375586337,0.17655221397931686,0.7592013496895353,0.032693265483696915,5,150,8.089670875503074,COMPLETE
39,0.512151450986798,2025-05-07 22:59:09.534995,2025-05-07 22:59:26.669094,0 days 00:00:17.134099,4.965996941310935,4,250,3.4754587079685813,0.06547444409968746,0.7691265333475208,0.04618606463023727,8,200,47,0.0010385647715302655,0.014549881855654102,1.1034625163653686,14,8,125,4,0.8605573853002744,0.6358836522314862,1.1736793953711158,1.0476424851212867,0.006025805260445538,9,125,5.864417965500485,COMPLETE
40,0.5142516359943188,2025-05-07 22:59:26.669260,2025-05-07 22:59:54.017736,0 days 00:00:27.348476,1.091465052024144,8,150,5.304513019819218,0.1492671146792185,0.6531311739832384,0.10304259724667034,9,50,10,1.5210766904696313,0.00702974795150896,9.991516122346187,8,10,250,5,1.7518710750792126,0.44557992071460645,1.362461304748547,1.910767202153621,0.045599424790056964,9,175,6.883201906492028,COMPLETE
41,0.5163058313928007,2025-05-07 22:59:54.017902,2025-05-07 23:00:13.019851,0 days 00:00:19.001949,3.4811646920320887,9,100,2.379141407868836,0.12371456694048677,0.5748843306756641,0.015089159644376326,9,100,35,0.3033567810564689,0.0019298992961933044,2.7896114322319097,13,5,125,3,0.2182497959105255,0.23964787126255116,1.4300436956577733,1.3663142033328686,0.0161490128435752,8,125,3.098655922720681,COMPLETE
42,0.0,2025-05-07 23:00:13.020015,2025-05-07 23:00:36.571175,0 days 00:00:23.551160,2.0258784274381774,9,100,2.217613622944403,0.08541962653609246,0.576444432157879,0.01211382296282941,10,100,43,0.12002199312053405,0.0010403408265457063,1.5859923733727923,13,5,150,2,0.7807029064159134,0.8870262298961036,1.7234031088217798,1.5236263734913633,0.013607415792904151,7,125,2.7323324885426246,COMPLETE
43,0.5162292944365815,2025-05-07 23:00:36.571411,2025-05-07 23:01:06.747170,0 days 00:00:30.175759,3.471687527157816,10,125,2.8188390983808005,0.12911084463199402,0.5096659672032302,0.022396526427022452,9,125,57,0.011257060919475413,0.002049840202592799,0.8606797373286996,12,2,100,4,0.39414136426236185,0.35097491713169576,1.1628317632100615,1.371511995520401,0.018704990896372477,6,100,3.6704490059648682,COMPLETE
44,0.5179829333900586,2025-05-07 23:01:06.747338,2025-05-07 23:01:22.755056,0 days 00:00:16.007718,2.565947417576438,10,50,1.3931027775326605,0.10444610342543807,0.5938594317175614,0.07167626851272926,8,100,123,0.058647920732529404,0.000247640896688698,0.531812587830542,15,3,125,4,1.3780197995045094,0.52346441862192,1.5552999185949872,1.727452522002315,0.02271254568898076,7,150,1.872919510891561,COMPLETE
45,0.5176121755184618,2025-05-07 23:01:22.755289,2025-05-07 23:01:39.632739,0 days 00:00:16.877450,0.2648309013166412,10,50,1.4384987240906895,0.10053500361256666,0.6282292660799258,0.14674305507453617,8,75,115,0.05854069729915889,0.0002854787313431201,0.5408381283462675,15,3,75,4,1.3624707551438942,0.5164130767963397,1.7902439132799102,1.6791216398939137,0.023655096251126252,6,150,0.9787855357539719,COMPLETE
46,0.5149282330295217,2025-05-07 23:01:39.632905,2025-05-07 23:01:55.887404,0 days 00:00:16.254499,2.4567171831550976,10,50,0.6832985015322817,0.05355123091167231,0.6008499100012233,0.06851982107749384,3,150,117,0.020452810924371678,0.00021974056293664202,1.3381706227819992,14,4,150,5,1.1565882133347962,0.6963693094168069,1.5597916109558225,1.8292828737022189,0.1134598750872794,7,175,9.86340537587284,COMPLETE
47,0.5179854768952353,2025-05-07 23:01:55.887567,2025-05-07 23:02:12.100995,0 days 00:00:16.213428,5.4730112937762385,10,50,1.1514140771222894,0.019559832986964298,0.9368179010990931,0.10585900140350946,7,50,129,0.0005140697109404988,0.00011179129404105702,7.4248167639699965,15,13,125,6,1.3102092536213625,0.587303666469894,1.93071211074851,1.7556838594580968,0.06032715968335925,8,150,1.671955092377385,COMPLETE
48,0.0,2025-05-07 23:02:12.101156,2025-05-07 23:02:52.226927,0 days 00:00:40.125771,5.417487484494462,9,225,1.1763502829291517,0.02048768368887696,0.9749487133547801,0.11290314104338965,7,50,134,0.00042097953912342964,0.09788288986042007,7.742193359753452,4,12,225,6,1.9767404562332942,0.7899340326746218,1.9153188847105096,1.9527953123684332,0.05503726473186842,10,200,2.411950789400019,COMPLETE
49,0.0,2025-05-07 23:02:52.227098,2025-05-07 23:03:06.216856,0 days 00:00:13.989758,6.124154102304222,8,75,0.9611044051959797,0.015940428177796787,0.8297505054764788,0.08703126517858498,6,50,105,0.00016805933023517089,0.04037766901066648,8.539412304068883,7,15,200,6,1.5782335322130816,0.5968253513465901,1.9998818296921435,1.5886278399577727,0.09138002864308653,8,175,1.544478485854527,COMPLETE
50,0.0,2025-05-07 23:03:06.217016,2025-05-07 23:03:28.341568,0 days 00:00:22.124552,4.531731068770079,7,50,1.769067188608974,0.030330645300143295,0.9289728392965123,0.12767329778075615,7,75,142,0.0005939315269064257,0.00010273339541782828,7.7775224486429675,6,12,150,7,1.2929713648704542,0.953973552500423,1.8056016230354923,0.227253835259696,0.06193043753388724,9,150,1.0080496466246087,COMPLETE
51,0.5154776054194626,2025-05-07 23:03:28.341752,2025-05-07 23:03:44.779955,0 days 00:00:16.438203,6.738648564322121,10,50,1.3846742423830312,0.012294480622683223,0.755961868087196,0.10228012416466513,8,100,128,0.0033788358379469815,0.00019325415156660062,7.144230224217444,15,13,125,5,1.396285988615372,0.5621989783217058,1.7162613090246681,1.797036746002916,0.04138788821360939,7,150,1.6987930497824895,COMPLETE
52,0.5202070300315095,2025-05-07 23:03:44.780122,2025-05-07 23:04:00.534840,0 days 00:00:15.754718,5.199352966296908,10,50,1.0785055755270672,0.016709686865190403,0.998662586361214,0.07912761083309093,7,75,17,0.03175393597810176,0.0007962783049631862,5.662833336269908,15,9,125,4,1.2657852345370137,0.7207238033876786,1.9458350235907325,1.7550068703032828,0.028704959722235465,7,125,1.7773140588844094,COMPLETE
53,0.5167135698901261,2025-05-07 23:04:00.535006,2025-05-07 23:04:18.552325,0 days 00:00:18.017319,5.209114677195709,10,75,0.8075361428126995,0.018584685675890587,0.9973184480636117,0.08304246088320182,6,75,18,0.006511585181172647,0.0009895627749759903,6.520653315492151,14,9,100,5,1.0217854459827687,0.7437508903668815,1.9408821490503685,1.6468708310124802,0.12062182415528977,6,125,1.3129920288299886,COMPLETE
54,0.5161558002217096,2025-05-07 23:04:18.552503,2025-05-07 23:04:44.310709,0 days 00:00:25.758206,4.7740594819061455,9,150,0.990193782649566,0.016137604402691345,0.974000791562946,0.052096056661776795,7,50,82,0.00986792752357835,0.0007754392945282661,5.7884852164125205,14,9,125,4,1.275211360769534,0.85847885113121,1.8279123063972336,1.890083625516011,0.0664081069164047,5,125,3.8707719184014615,COMPLETE
55,0.51357600296498,2025-05-07 23:04:44.310873,2025-05-07 23:05:03.194345,0 days 00:00:18.883472,4.190050155866705,10,75,0.6210871374934567,0.022012369190762302,0.9057862761951341,0.041640214791892116,7,50,27,0.03052933675639117,0.000349689440076498,7.2564668422303,15,7,100,6,1.1956090223042637,0.6613745675328838,1.921497566770665,1.5211227745542428,0.07946201907825752,8,100,0.518536470008585,COMPLETE
56,0.5143628367927474,2025-05-07 23:05:03.194516,2025-05-07 23:05:16.644723,0 days 00:00:13.450207,5.539647913619272,9,50,2.010241997210934,0.011433885496970227,0.95706964850654,0.1449002687599543,7,75,14,7.476045299018909,0.0073547443530739545,8.56423504271658,13,14,150,3,1.5718168481884056,1.1042558956414705,0.9701831658054019,1.790038187750631,0.03099453577852412,6,125,2.41322400822333,COMPLETE
57,0.0,2025-05-07 23:05:16.644889,2025-05-07 23:05:36.225475,0 days 00:00:19.580586,6.117692661243065,10,75,3.2554636900468843,0.026002886083690512,0.9415316788871068,0.06196659509842489,8,50,21,0.0001100896266563293,0.002443598484351391,4.935784863528783,14,8,125,1,0.9475460872355399,0.8571108634607645,0.7076262473786359,1.4765115033287088,0.03846362270403124,7,175,4.704138574080028,COMPLETE
58,0.517923344849947,2025-05-07 23:05:36.225654,2025-05-07 23:06:02.403928,0 days 00:00:26.178274,5.798080199673047,9,125,1.7074029037343248,0.009949302052809922,0.7166290620213204,0.10677782958641975,6,75,149,0.0002710072438989607,0.023532182483994486,5.767258647698301,15,2,75,3,1.5065057068224958,1.530289591926488,1.776250983599709,1.2485394554109122,0.14816592984427093,8,100,1.9615034963266962,COMPLETE
59,0.5161414882048038,2025-05-07 23:06:02.404102,2025-05-07 23:06:22.279379,0 days 00:00:19.875277,6.303272863030927,10,50,1.0649448338049878,0.013483598569948444,0.8503318692446735,0.13101620570148337,10,75,16,0.17654804212459574,0.004119988030128469,5.353565499479245,11,10,100,5,1.0567702414506808,0.7208768319268057,1.9444992699361388,1.558892083070476,0.02869889677585252,9,150,1.0170799069842764,COMPLETE
60,0.5168954745792722,2025-05-07 23:06:22.279548,2025-05-07 23:06:37.554823,0 days 00:00:15.275275,5.187586267021159,7,175,3.62408950995504,0.005163898090620166,0.7807323941839774,0.030731613556072446,8,250,33,0.0006904228497574865,0.005858594000080505,4.4098489778198635,9,13,150,4,1.2902101716399719,0.3603304008560021,1.8599287227679864,1.9977897723145932,0.103159076037159,10,75,3.326459292816891,COMPLETE
61,0.5173639111253826,2025-05-07 23:06:37.554986,2025-05-07 23:07:00.357583,0 days 00:00:22.802597,2.3284629625098905,10,50,2.5480880091020985,0.11281442957445467,0.6638196798735525,0.0791320258055329,8,100,89,0.06627325149419584,0.0004674851510191639,0.8273995073178622,15,3,125,4,1.4006370796728735,0.46580871458229406,1.6999281672530304,1.7381847509637336,0.02065595414181036,7,150,1.8269533347194904,COMPLETE
62,0.5137870887568126,2025-05-07 23:07:00.357757,2025-05-07 23:07:13.131424,0 days 00:00:12.773667,6.708159210497286,10,50,1.3274591139140226,0.01730917177994072,0.5619485886423591,0.09503564072645485,9,100,121,0.001386287491833832,0.00013868838211182147,1.9424382125530082,15,4,125,4,1.3401753037796569,0.5377277461033658,1.5649752493643851,1.7248488146380987,0.01243791638663016,7,150,5.460520764071863,COMPLETE
63,0.5138283547941324,2025-05-07 23:07:13.131605,2025-05-07 23:07:30.332600,0 days 00:00:17.200995,4.179579112528744,10,100,1.59023671388077,0.07197428213010645,0.9064956464786106,0.09346218505327414,7,100,129,0.016667525396338825,0.00026526192877061644,0.8296016292128647,14,2,125,3,1.2056059690193517,1.0051635238244265,1.506775773933179,1.6817040102964458,0.07617726185977884,6,125,1.6028063292234307,COMPLETE
64,0.5171585113788729,2025-05-07 23:07:30.332770,2025-05-07 23:07:46.946795,0 days 00:00:16.614025,1.003130295423086,10,75,0.878113809790906,0.0884650530904505,0.5916797042460813,0.06681261500535435,8,125,105,0.034414864612382016,0.00018469701750482812,1.3171797803413787,15,3,150,4,1.4176553399949405,1.996652843977341,1.9983449767270263,1.4189333004097917,0.025496329783836993,8,125,2.1602235208853613,COMPLETE
65,0.5115761897665746,2025-05-07 23:07:46.946962,2025-05-07 23:07:57.331604,0 days 00:00:10.384642,1.367990994791533,9,50,1.155379523090624,0.03520924293936647,0.5294523183221367,0.05364948372789822,7,75,74,0.15406327408791654,0.0007950368516648253,2.4641520157229966,13,6,100,5,1.1859929399866396,0.809195471219079,1.6394097677916868,1.794528172327365,0.02186361311659594,7,150,0.8517192287528713,COMPLETE
66,0.5160305024092707,2025-05-07 23:07:57.331769,2025-05-07 23:08:11.012317,0 days 00:00:13.680548,2.8337023524525087,10,75,1.912183309806018,0.023641091710616405,0.97910846089935,0.038695584999101015,10,50,24,0.04954538169579954,0.0014309750326107161,6.268957318527671,14,11,125,5,1.1001880021329067,0.6469743277936202,1.766073519642871,1.136361207540967,0.015489620067482628,7,125,2.557118463055261,COMPLETE
67,0.516648403357711,2025-05-07 23:08:11.012484,2025-05-07 23:08:17.557953,0 days 00:00:06.545469,0.557013136449569,5,50,2.640610215980284,0.10571006149328899,0.632628065362687,0.07882057835112749,9,75,15,0.002864264490854753,0.0005882089409749079,0.5076964301053349,15,2,125,6,1.5283056967184232,1.838178841379958,1.8347019451244848,1.619885068739979,0.026726888982633097,6,150,1.3007465138194139,COMPLETE
68,0.5145770883924352,2025-05-07 23:08:17.558107,2025-05-07 23:08:31.267452,0 days 00:00:13.709345,5.923114202593668,8,150,3.0720926604960193,0.1294303651723413,0.5439218028223709,0.045364507124388984,8,125,52,0.42886681380284086,0.011427888332530986,1.7215869986813979,14,3,225,3,1.31548612876611,0.5747718933965216,1.9315739252489614,1.864630949404008,0.01858848614263103,5,250,2.9149162399331585,COMPLETE
69,0.5131946491961447,2025-05-07 23:08:31.267612,2025-05-07 23:08:44.061813,0 days 00:00:12.794201,3.729368516301008,6,100,2.2175467511795763,0.014893763131206229,0.6894180632552545,0.00672578980449091,7,50,31,0.022378904557604478,0.23092395432526783,0.9519768341953955,11,4,125,4,1.2445174003590618,0.17991986761466994,1.8449597118175498,0.5723775942773254,0.011183379065943905,8,150,1.4528762794070047,COMPLETE
70,0.5166690646865293,2025-05-07 23:08:44.061972,2025-05-07 23:09:12.582786,0 days 00:00:28.520814,6.467375456638726,9,75,1.5815313959183943,0.02843571647047386,0.5663138271643273,0.05771293496360958,9,125,142,0.004146431390447359,0.002824778247041334,3.675383737039283,12,2,100,7,1.7286502226159077,0.9145179025332139,1.671289791488551,0.822990964111016,0.03749819308493117,10,225,2.164733963449444,COMPLETE
71,0.5174659589464982,2025-05-07 23:09:12.582942,2025-05-07 23:09:27.834593,0 days 00:00:15.251651,5.689743237210291,9,125,1.684392225839917,0.010241180633765992,0.7146318116614159,0.11128582356664918,6,75,149,0.00026255450446008787,0.02004448448763235,5.358303723677078,15,2,50,3,1.4272726193899212,1.732493234854096,1.7588240112552058,1.2621740425527987,0.14794660769605358,8,100,1.7880177956405552,COMPLETE
72,0.0,2025-05-07 23:09:27.834775,2025-05-07 23:09:38.038434,0 days 00:00:10.203659,5.3690155877495025,8,125,1.3213209910015609,0.008932277700529912,0.6736758672477401,0.10539711919147116,5,75,138,0.00030033465381765337,0.06377621576367397,6.184942716133939,15,3,75,3,1.4680022014151115,1.3534375629045914,1.8884208500073925,0.9210404179111347,0.12499642119689805,8,75,1.910187478350703,COMPLETE
73,0.0,2025-05-07 23:09:38.038595,2025-05-07 23:09:58.415766,0 days 00:00:20.377171,5.885680034074935,10,125,1.819289681034066,0.012627484292659589,0.7302230508857626,0.1301894908604139,6,150,147,0.00023386634312941437,0.022424846654127757,5.7353933092224825,15,2,75,2,1.5310908144367439,1.5783063860615985,1.2346463551055582,1.224170496847034,0.10611114038746422,7,100,0.8782289987494154,COMPLETE
74,0.5158328597541494,2025-05-07 23:09:58.415931,2025-05-07 23:10:16.244086,0 days 00:00:17.828155,4.927100739031149,9,150,1.4896334895796997,0.007114581000127729,0.6152749048905651,0.07466244736590827,6,50,130,0.0005219872695123965,0.00036825141199701793,6.65725020477645,14,4,50,4,1.852061350993487,1.4610894978713054,1.787133079032098,1.7448741234734966,0.1302942991462163,9,125,2.054047088711668,COMPLETE
75,0.5156638950387659,2025-05-07 23:10:16.244253,2025-05-07 23:10:40.513275,0 days 00:00:24.269022,2.046519290711186,10,175,1.2086495821759846,0.14068759010864818,0.5910255573466423,0.02377620979268816,5,100,124,0.0001015234043359493,0.03112532710649866,4.933065736256731,14,3,175,2,1.4965801589006662,0.697801915530107,1.3706674073971996,1.6602656781841303,0.09738451376200868,7,100,1.1687811186021007,COMPLETE
76,0.5178969105649947,2025-05-07 23:10:40.513438,2025-05-07 23:11:00.688912,0 days 00:00:20.175474,3.1671798749386193,9,50,2.133670499708389,0.00616101640710957,0.6546807495428257,0.029800744721364413,10,100,10,0.0010809533105481277,0.00010174999222911962,1.3472558519744688,15,7,175,4,1.6245853198698246,0.7635444563851185,1.6094491445957584,1.0868353977219003,0.012807509249983442,9,175,0.7091577594495855,COMPLETE
77,0.5169489850686707,2025-05-07 23:11:00.689068,2025-05-07 23:11:15.610658,0 days 00:00:14.921590,5.716796752459233,10,75,1.0546608957253898,0.010103266174080382,0.8114744139734024,0.11971275735522888,7,75,22,0.08882667841666539,0.12816084629243882,0.7499887964648462,15,2,250,3,1.1454183755303773,0.483961296779972,1.9612199281812575,1.560695861525401,0.0171533223602333,8,50,3.0468129792926786,COMPLETE
78,0.519087536194429,2025-05-07 23:11:15.610938,2025-05-07 23:12:32.989232,0 days 00:01:17.378294,6.069779428332798,8,125,2.4038027757231033,0.09317879076551755,0.6375634875320952,0.06547341446180213,6,50,39,0.035007137874614166,1.439023130690209,4.645554858162472,13,10,225,5,0.9797108374293999,0.6179606206808996,1.726483312863768,1.2964522711456121,0.009254892763355506,10,125,2.2839194099391316,COMPLETE
79,0.517756693572784,2025-05-07 23:12:32.989393,2025-05-07 23:12:56.007743,0 days 00:00:23.018350,6.090912391828695,8,50,2.4614340124440797,0.07506711809482665,0.6387890053575307,0.06533311243822786,4,50,39,0.013377250659459558,1.2340499833886946,9.266054061708294,10,8,225,5,0.6870628636689371,0.403726607237262,1.9049447868834208,1.4463480729087799,0.007750504930482586,10,150,6.719307364487258,COMPLETE
80,0.5168755584572197,2025-05-07 23:12:56.007901,2025-05-07 23:13:18.412510,0 days 00:00:22.404609,5.4474837776645675,7,100,4.801900932299702,0.09553680740807927,0.6060403273905909,0.0481525246971064,8,50,38,0.03246530156107713,3.417491255817428,3.9540378619379,13,10,225,6,0.4208796039714838,0.6187244042271371,1.7267888229211947,1.0179054565383459,0.009227247821520922,10,125,2.3783842554390784,COMPLETE
81,0.5200152135498705,2025-05-07 23:13:18.412666,2025-05-07 23:13:37.874990,0 days 00:00:19.462324,6.314907975485424,8,125,2.7915675877145074,0.061703218341809134,0.7012456437658319,0.09631589873810151,6,75,30,0.007613420392339908,7.417274420476147,4.573821850879358,14,9,225,5,1.3511919772163987,0.8456671101804921,1.8039734293296568,1.3049447977945061,0.13667650303066992,10,125,1.9062810806058363,COMPLETE
82,0.5158220971864562,2025-05-07 23:13:37.875160,2025-05-07 23:13:52.966687,0 days 00:00:15.091527,6.90812454239212,8,150,3.075300486365464,0.05813517472152503,0.6249247456295803,0.035464201244748354,6,75,29,0.006430211090521469,7.331882890355839,4.553168704076207,13,9,200,5,0.14449000753392316,0.8097695545519853,1.8195623429094512,1.2983209923813077,0.13531905580870512,10,125,1.4771439803213426,COMPLETE
83,0.5173103011276826,2025-05-07 23:13:52.966845,2025-05-07 23:14:13.386678,0 days 00:00:20.419833,7.465836848070346,7,125,2.900636596057337,0.04371986268776405,0.6666022131345448,0.08621364664292387,5,50,27,0.00895295460308773,1.9298888225760262,1.0480228434110694,14,10,225,5,1.2403357341870334,0.855548480678258,1.8675967873019792,1.5237144640182965,0.006924634335745417,10,125,1.6634224809634868,COMPLETE
84,0.519582043442488,2025-05-07 23:14:13.386832,2025-05-07 23:14:37.298339,0 days 00:00:23.911507,6.545950364382492,8,100,3.6297650285835235,0.11789094919176041,0.6808263983189332,0.05896516228706873,7,75,44,0.025822755098185837,5.189428839527045,3.2985446427469434,14,11,250,5,0.9742100308035033,0.6890389194815214,1.9584775129469725,1.9419192405846941,0.009887850266763226,10,150,2.6565033295032334,COMPLETE
85,0.516979514619636,2025-05-07 23:14:37.298498,2025-05-07 23:14:57.984798,0 days 00:00:20.686300,7.273497652482918,8,100,4.167928935605521,0.11726029593212638,0.6906867562846927,0.05592645854010643,7,50,42,0.0022616634991362737,4.739572892656729,4.161906934112556,12,11,250,5,0.9522266626261499,0.7551143879105984,1.96588976198175,1.9479451649491455,0.010655676202103316,10,125,2.613121342065802,COMPLETE
86,0.5150691206016234,2025-05-07 23:14:57.984959,2025-05-07 23:15:22.224106,0 days 00:00:24.239147,6.559164852617622,8,125,3.687444117908454,0.08268148793344464,0.7486584356240191,0.05955567524523513,6,75,50,0.016731117863771176,0.5823856831546728,5.237726852151984,13,9,250,5,1.0886541152763747,0.6740113837184178,1.8809025829799977,1.330647992077713,0.005925780879103422,10,150,3.4773272503950965,COMPLETE
87,0.0,2025-05-07 23:15:22.224264,2025-05-07 23:15:40.430813,0 days 00:00:18.206549,6.241385096194284,7,100,2.681730307547054,0.13508180621829247,0.6501555252944151,0.04172911680057185,7,50,34,0.023689794021759334,2.4593227864622085,3.2291495357833364,14,10,200,6,0.9917679410710789,1.004360910939648,0.4812070799392131,1.1795531332789468,0.009603891116234865,10,125,4.04213120035651,COMPLETE
88,0.5188593532756508,2025-05-07 23:15:40.430970,2025-05-07 23:16:05.167844,0 days 00:00:24.736874,7.71383574209025,8,125,3.2434240723581707,0.06437538501192556,0.6978653236922403,0.0915897090398764,6,175,57,0.004551004082903583,6.604379235477661,4.5804207247607005,13,12,250,5,1.1382992460936845,0.9088119044859242,1.9484440746912604,1.401558238389628,0.008116817278307034,10,150,1.1006131546790365,COMPLETE
89,0.5184086988626851,2025-05-07 23:16:05.168004,2025-05-07 23:16:32.921533,0 days 00:00:27.753529,6.866444844878298,8,125,3.9352957420597554,0.06514579902850526,0.6975820812595543,0.09483398386006213,6,200,46,0.006089683174892124,5.513689971177146,5.532228503458166,13,12,250,5,0.8853211130002545,1.0971807722902742,1.9661491280746892,1.4104286313909302,0.007740900293685955,10,175,1.1564638547218102,COMPLETE
90,0.5176212176155035,2025-05-07 23:16:32.921690,2025-05-07 23:16:49.268444,0 days 00:00:16.346754,7.108927323765904,8,100,4.665808509539126,0.09378422958121292,0.6787444462219333,0.07762062390102575,5,175,64,0.004680316737994688,9.384592815418436,4.7381355111499515,12,11,225,5,0.7872612238038339,0.9394805367900642,1.8102513403730498,1.3156621640748245,0.006537820307231396,9,125,2.2180356516481257,COMPLETE
91,0.5177631697800015,2025-05-07 23:16:49.268607,2025-05-07 23:17:19.693220,0 days 00:00:30.424613,7.915103668070726,8,125,3.8744564356508775,0.06471265351687708,0.6966748747861055,0.09403677477636598,6,200,57,0.011172407861011455,5.0908072185399815,5.564140578470088,13,12,250,5,0.8624631783808336,1.0674882720177299,1.9414154857641233,1.4177536250495872,0.008377604857734623,10,200,1.0602211497026635,COMPLETE
92,0.5185723843600196,2025-05-07 23:17:19.693386,2025-05-07 23:17:48.010452,0 days 00:00:28.317066,6.6314658832063,8,150,5.736755529424339,0.0510751867592691,0.7024569083148104,0.06696128435024609,6,225,36,0.007419671011017423,6.327462288354777,4.148793960519788,13,12,250,5,0.5798464666291347,1.1370481246859405,1.999936672883659,1.3892868454386373,0.007632680293362683,10,175,1.2297996981133075,COMPLETE
93,0.516800702924471,2025-05-07 23:17:48.010610,2025-05-07 23:18:14.746237,0 days 00:00:26.735627,6.360971752638101,8,150,5.647647338157427,0.04880735536397908,0.7338832867410915,0.04836432131786123,6,225,36,0.002258108621655015,1.7831076949363691,4.192984035950901,12,12,250,5,0.2714647059770652,1.188085926005178,1.998261628275428,1.60215905733462,0.010311778604205827,10,150,0.8000799641859071,COMPLETE
94,0.515071516610003,2025-05-07 23:18:14.746411,2025-05-07 23:18:28.401694,0 days 00:00:13.655283,6.024297933973634,8,150,6.371991859530167,0.07954842414000644,0.7077290489059944,0.06350421685748552,6,225,43,0.007517253880606599,6.573297020777022,3.507226654564222,11,11,225,5,0.6105107381080839,0.8396141524582987,0.35098197481700244,1.5030466247931826,0.005612883886332802,3,175,1.3273874121985005,COMPLETE
95,0.5152581609767274,2025-05-07 23:18:28.401859,2025-05-07 23:18:47.920111,0 days 00:00:19.518252,7.770903522266406,8,150,3.3804548117367546,0.05439220740764739,0.6563120446504302,0.0713447424966838,6,150,20,0.039396949701346766,3.676976636433913,4.511413271890001,13,10,250,5,0.5525671533337537,0.8899723725191374,0.7736734322472484,1.3776370822368933,0.011658938946799813,9,150,0.5177089776759409,COMPLETE
96,0.5187706185005423,2025-05-07 23:18:47.920278,2025-05-07 23:19:13.108482,0 days 00:00:25.188204,6.577822369559886,8,175,9.838240209865864,0.12009963825800755,0.7431158801109229,0.08743493383597091,5,225,25,0.0034575721110831387,3.7428615902898614,4.70269646653021,14,13,225,5,0.7217345016572192,0.9198314923049427,1.8979860560839092,1.478024145719667,0.008735094526641453,10,150,1.4986667202846484,COMPLETE
97,0.0,2025-05-07 23:19:13.108646,2025-05-07 23:19:36.665534,0 days 00:00:23.556888,6.254992000175546,4,200,8.394675932114875,0.12184509133388857,0.747861274332023,0.08175518987674907,4,200,13,0.003344973310939895,2.21039829986877,5.06698063997389,14,13,225,5,1.1354327555220631,0.9841302019683833,1.8937460384951381,1.4623014470515387,0.008116688472925364,10,150,4.46358059659521,COMPLETE
98,0.0,2025-05-07 23:19:36.665697,2025-05-07 23:19:59.664246,0 days 00:00:22.998549,7.661805225092713,7,175,2.315569374325942,0.10783981386313278,0.7632954889499275,0.08868120855642331,5,250,25,0.0051422619766886765,1.1871460728626475,4.651489468974252,14,8,225,5,1.010880365605751,0.731293443582606,1.8313031825491641,0.9881186839665036,0.013401821229692456,9,150,2.7708497891720767,COMPLETE
99,0.5185300680457307,2025-05-07 23:19:59.664404,2025-05-07 23:20:21.908190,0 days 00:00:22.243786,7.324710626002743,8,175,10.957403295232117,0.14466083376672154,0.7244655261179449,0.1143876951825225,10,75,18,0.0015274382733981406,3.9277569123529195,3.8307231056285658,9,9,225,4,0.7241365182219961,0.9112893747655003,1.7422673950417922,1.100108449376229,0.008846364007800351,10,125,3.157585123061482,COMPLETE
100,0.514330144962671,2025-05-07 23:20:21.908344,2025-05-07 23:20:45.264555,0 days 00:00:23.356211,6.7827085929693265,7,125,9.91481273237053,0.09046450084766967,0.6377393994610836,0.051324250701189185,4,75,28,0.02677592650424109,2.9126262145022794,6.077024885671018,10,13,225,5,1.169862279897008,0.786786206338554,1.9254764398702255,1.5762585016327397,0.009855539443759371,10,125,1.5061695728241462,COMPLETE
101,0.5172687156588788,2025-05-07 23:20:45.264812,2025-05-07 23:21:18.468569,0 days 00:00:33.203757,6.601766530813548,8,125,6.7873846247362275,0.059801363708205844,0.7075180724697792,0.06814224182753438,5,225,31,0.0177710493676091,6.559513533176972,4.758534314617271,13,12,250,5,0.347897285607327,1.1438703219152777,1.8599273185439391,1.3883446696668835,0.006535670015413574,10,175,1.321483879230148,COMPLETE
102,0.5164960194760718,2025-05-07 23:21:18.468735,2025-05-07 23:21:51.797231,0 days 00:00:33.328496,6.411025535822522,8,150,12.971893446737264,0.10072107906014109,0.6870557791816873,0.10067756390386222,6,225,44,0.013187754527840316,9.292140495191394,4.323033984483023,14,14,250,5,0.14803819952450603,1.043074391566598,1.9079611100968945,1.193737589090656,0.0073439157908963435,10,150,1.9412111456398535,COMPLETE
103,0.5175735584610189,2025-05-07 23:21:51.797393,2025-05-07 23:22:17.277852,0 days 00:00:25.480459,7.0261491519543755,8,200,7.818240233631521,0.039613737587982104,0.7379036488186885,0.06240969732626775,5,225,37,0.0034687267384360836,1.5104964935028695,3.991354000639727,12,11,225,5,1.074838417684336,0.9392392163738837,1.9758945988450227,1.2903274310918247,0.009113304763464999,10,150,2.2931684200375453,COMPLETE
104,0.5202309410822071,2025-05-07 23:22:17.278017,2025-05-07 23:22:38.307197,0 days 00:00:21.029180,5.946580648163001,8,125,3.192505634433066,0.11463341928818674,0.7847104189603449,0.13586425971726515,6,175,54,0.0019092053077596838,7.579055502595893,5.106703774216265,14,12,250,5,0.8315956676710424,0.8299253708413934,1.6867370024832378,1.4946988396207672,0.014470154926759177,10,125,0.8969838549778564,COMPLETE
105,0.5169087202727836,2025-05-07 23:22:38.307359,2025-05-07 23:22:54.677808,0 days 00:00:16.370449,6.041472555909916,8,125,2.7940299804563375,0.11483818788696758,0.6784787230615217,0.1456757280684754,7,175,56,0.0018996627368221746,7.677467049043182,4.818689405542452,14,9,200,6,0.9668265033750342,0.816383172598649,1.6698994549553963,1.508577195259289,0.011028514183183635,9,125,0.7053339462715955,COMPLETE
106,0.5159269944318815,2025-05-07 23:22:54.677965,2025-05-07 23:23:12.474269,0 days 00:00:17.796304,5.844951575446682,8,100,3.179617844911805,0.12775099589907096,0.665953861802337,0.13479109548783097,10,175,53,0.0012130078839744341,4.5363715094037635,5.458796877003939,14,13,250,4,0.9129623774225639,0.705650430561683,1.7773489152548214,1.6437225480681823,0.014336435984032584,10,100,0.9808370200716889,COMPLETE
107,0.0,2025-05-07 23:23:12.474435,2025-05-07 23:23:32.352230,0 days 00:00:19.877795,5.650280997511109,7,125,3.5051867397485816,0.13613278098790563,0.5006968286062575,0.12219205396918907,6,150,40,0.002559100265725801,2.7768596340660667,5.139897939814028,14,11,225,5,1.0412137896644125,0.6285973621462823,1.6979110283026186,1.8977833934482464,0.015183111320968326,10,125,2.4922473165846886,COMPLETE
108,0.5132721081465282,2025-05-07 23:23:32.352390,2025-05-07 23:23:49.133809,0 days 00:00:16.781419,5.284886092270697,8,125,2.405670048228129,0.08721399121529093,0.787022474570836,0.08859397813639669,7,200,62,0.0007343296019305688,0.3427722631996535,2.6227789298734008,14,10,200,4,0.8022492184694158,0.8780599600808449,1.6057767158247072,1.7717642003990766,0.012076766690556453,9,125,1.668643406828057,COMPLETE
109,0.0,2025-05-07 23:23:49.133966,2025-05-07 23:24:04.026112,0 days 00:00:14.892146,4.376022730336064,9,100,2.0173008042004605,0.10905731867575598,0.614465247647334,0.07589266373609704,5,175,32,0.047188307940123214,0.0012889730107905123,1.4917558025800388,14,14,250,6,0.7406367666021305,0.8282721928850533,1.850258319805567,1.7000305437552956,0.009521896898488565,4,125,1.8272666266045117,COMPLETE
110,0.5194801224803851,2025-05-07 23:24:04.026276,2025-05-07 23:24:26.816973,0 days 00:00:22.790697,5.9968864867837945,8,100,2.558350309432797,0.12357346055044448,0.5179083537394836,0.04141175000472303,9,75,23,0.07110050317345362,0.7953069147393994,0.6718309270143652,15,11,225,5,0.8335759037543623,0.7621692797025197,1.123639698859646,1.8223621231629903,0.013064764764166209,10,150,0.8756554380331548,COMPLETE
111,0.5161678500928291,2025-05-07 23:24:26.817137,2025-05-07 23:24:50.419773,0 days 00:00:23.602636,6.1962890237754396,8,100,2.7892555101109724,0.14865248689451752,0.8733390173430492,0.03825334470909894,9,75,23,0.05734395835885761,0.7618225043292917,0.7176887495372545,15,11,225,5,0.8286008613921141,0.6769449788084647,1.0997779296082428,1.8632450574612727,0.01616600867817307,10,150,0.8656364892215631,COMPLETE
112,0.5153484439673609,2025-05-07 23:24:50.419937,2025-05-07 23:25:15.489490,0 days 00:00:25.069553,5.588224120267345,8,125,2.962287013839905,0.12118076557026086,0.5110437828845101,0.04274808563486121,9,75,16,0.07274120826784788,3.0897017287609985,2.1395143039677773,15,12,225,5,0.8931539939536696,0.7807803046612353,1.1870144895847037,1.537885970040832,0.012926934653091708,10,150,0.6480311589988776,COMPLETE
113,0.5180123326383296,2025-05-07 23:25:15.489650,2025-05-07 23:25:38.477017,0 days 00:00:22.987367,5.9281845464161975,8,100,2.4578973381818683,0.10038300984584243,0.5170233777793969,0.055676361945452155,10,75,48,0.09789530494272788,4.131883974093035,1.1061659486143176,15,11,225,5,1.333704441075377,0.7435668823975541,0.9979326827932511,1.842975633615284,0.014137607734793719,10,150,1.0966425855658768,COMPLETE
114,0.5174738515397428,2025-05-07 23:25:38.477178,2025-05-07 23:25:58.556157,0 days 00:00:20.078979,5.097365269263069,8,75,3.2761128452258004,0.12953332080317911,0.5364291669154297,0.13375655541807038,9,100,20,0.03988887744192371,0.004654001555455478,0.6698110801931415,15,9,200,5,0.6590970237619433,0.9075488801883262,1.2363459065429272,1.4734935815217078,0.011503909702917734,10,125,2.0358701388640346,COMPLETE
115,0.5168425787930399,2025-05-07 23:25:58.556311,2025-05-07 23:26:22.831717,0 days 00:00:24.275406,6.402790178860782,8,125,2.1411153703371846,0.07475131971217827,0.6293007285487402,0.006144752209828751,8,150,70,0.02867303048376204,0.0017192955391238788,1.1994524204277148,14,12,250,4,1.225219099412808,0.9674665285886412,1.3566632777964465,1.3499555795480678,0.010078241056702261,10,150,1.5012763761397636,COMPLETE
116,0.5156413472986109,2025-05-07 23:26:22.831876,2025-05-07 23:26:42.303914,0 days 00:00:19.472038,5.757202138819251,7,125,2.613360488077596,0.11493650744229808,0.5553231142075914,0.027852561025605075,10,75,25,0.1326939075574269,0.0009913641285487628,5.070658165232394,14,10,225,5,1.1242859632949815,0.5984443427310087,1.8040898812314128,1.831561445315702,0.019150809371325773,10,125,8.688508839767145,COMPLETE
117,0.5169624975616748,2025-05-07 23:26:42.304068,2025-05-07 23:26:53.089533,0 days 00:00:10.785465,4.7781111238472604,9,75,3.026570024131141,0.10587390183783517,0.52363479621858,0.035431218814955374,6,75,13,0.00392837595069536,0.9213324607858239,5.8993212843296,8,11,250,5,1.2666772237288253,0.7236090577533745,0.8932083313127637,1.7080163066766876,0.016348452480570045,6,150,1.3988609861506272,COMPLETE
118,0.5192213438789176,2025-05-07 23:26:53.089696,2025-05-07 23:27:09.851182,0 days 00:00:16.761486,6.097959294143932,8,100,2.3063954860153926,0.09613113039944687,0.544190954374167,0.03281648221311567,7,50,29,0.01999110188457835,7.895382285989088,0.9268618417195955,13,9,225,5,0.8408716165612381,0.8485349457002335,1.9129257298446798,1.9604833703154763,0.008628359362224267,9,125,1.6364063994916973,COMPLETE
119,0.5170450893868248,2025-05-07 23:27:09.851334,2025-05-07 23:27:23.540970,0 days 00:00:13.689636,6.050936982380737,8,100,2.2903417426337707,0.0961317045235794,0.5845965039784806,0.03343418389651604,7,50,30,0.02088840817869323,8.768554868018665,0.9254058873038544,13,9,225,4,0.9294905459128501,0.653917263788077,1.0689894541059448,1.962486444057515,0.020691699422164245,9,100,0.8943021959161096,COMPLETE
120,0.514087076501834,2025-05-07 23:27:23.541139,2025-05-07 23:27:39.477807,0 days 00:00:15.936668,6.209170712099153,9,100,2.692480960360113,0.08442467860007487,0.5439210640929216,0.03920247562386383,7,175,60,0.024530927680971107,0.3917150056872385,0.5751306562586253,11,8,200,4,0.8522273364102951,0.867890499256864,1.7537256160765962,1.9176812906872367,0.11780758959701904,9,125,1.7286610943560603,COMPLETE
121,0.5198518653730418,2025-05-07 23:27:39.477969,2025-05-07 23:27:59.691553,0 days 00:00:20.213584,6.4964812222637,8,75,1.9480145974805128,0.13564117446283488,0.6038514649230526,0.03236838485911392,7,50,51,0.009558051001123388,5.414087456063326,0.9211259193150001,13,9,225,5,0.9891978552869087,0.5534914627027469,1.9109398313580885,1.8861874573154813,0.008581942307533124,10,125,1.228848295642724,COMPLETE
122,0.5176349788241629,2025-05-07 23:27:59.691710,2025-05-07 23:28:18.740572,0 days 00:00:19.048862,5.473562172246332,8,75,1.8815257344814678,0.13979543896714508,0.5732422962414367,0.04365983603353509,7,50,53,0.014480849380410717,5.921116955625181,1.449829539062276,13,9,225,5,0.9838279551406953,0.7810593130647216,1.9432789906986085,1.9863809828944627,0.010684621481347412,10,125,0.5002312062961415,COMPLETE
123,0.5202028838703207,2025-05-07 23:28:18.740730,2025-05-07 23:28:35.763896,0 days 00:00:17.023166,5.945771236546294,8,75,2.079460752287716,0.13300453317154487,0.6039710658418278,0.02937763780006556,7,50,51,0.034926189617602084,5.304459847915369,0.8995520145547975,13,10,225,5,1.0833813557582381,0.5459077686698763,1.1302936191742226,1.8031014505588991,0.008435742101316012,10,100,1.0922549733439633,COMPLETE
124,0.5170475647734695,2025-05-07 23:28:35.764056,2025-05-07 23:28:52.550012,0 days 00:00:16.785956,5.996152087015053,8,75,2.223705885946685,0.13179613252422598,0.6126168492066393,0.029698931551250703,7,50,45,0.030681203173040808,9.843133073130561,0.906565384354513,12,10,225,5,1.063611069364772,0.5744986727730298,1.1239556106428832,1.7968981961801649,0.01206750447454794,10,100,1.233146495105145,COMPLETE
125,0.5150922850521564,2025-05-07 23:28:52.550170,2025-05-07 23:29:05.987932,0 days 00:00:13.437762,6.465725672036986,8,75,1.9153959882042497,0.11092478158888641,0.601671726995261,0.02413945191289841,7,50,41,0.010678012232233957,4.717711592243594,1.716455973375511,13,9,225,5,1.0191686808858516,0.5473237088070931,0.9552902295085857,1.8842349169516093,0.007232288526400333,10,75,0.7467377001455525,COMPLETE
126,0.5209524022711658,2025-05-07 23:29:05.988083,2025-05-07 23:29:19.386653,0 days 00:00:13.398570,6.305261044992539,8,75,2.095365482529546,0.10188358889067073,0.6430975223514837,0.03202369298643289,7,50,49,0.035886371368299266,0.002247530322487589,1.097515525676593,12,10,200,5,1.1076230944994343,0.43818522744708777,1.043422038930344,1.9278393940138794,0.009051421800242626,9,100,1.9533424950000562,COMPLETE
127,0.0,2025-05-07 23:29:19.386902,2025-05-07 23:29:31.085032,0 days 00:00:11.698130,5.818118580857866,7,75,2.1320555672149775,0.12723326790110506,0.5884403090454613,0.026893781275940862,7,50,50,0.06412236483702266,0.0033750023518680406,1.2319164004882057,11,8,200,6,1.1858998804265457,0.41450263567158857,1.1083409314581887,1.919845957811627,0.010199787743536063,9,100,5.377051674111643,COMPLETE
128,0.0,2025-05-07 23:29:31.085191,2025-05-07 23:29:39.670638,0 days 00:00:08.585447,6.27198121897441,8,75,2.441723024464233,0.1484055847193329,0.5495427117457076,0.020240199773387854,7,50,66,0.01851642609167572,0.0022993677937677465,0.723931027941583,12,9,200,5,1.0937557518956973,0.38016314884168945,1.0080059000828672,1.8158451065306311,0.03019947642675196,6,100,1.6362267273446753,COMPLETE
129,0.0,2025-05-07 23:29:39.670800,2025-05-07 23:29:53.499830,0 days 00:00:13.829030,5.599538818643545,9,75,1.7154963167920536,0.10421598697617722,0.5638418626729196,0.03652031952760686,8,50,48,0.05148203498976132,0.0013805572111134795,1.0562015444537476,11,10,175,4,1.22163083290527,0.2961901047392371,0.9386278104678886,1.9513569357724747,0.049542575915643934,9,100,1.8952109250256166,COMPLETE
130,0.0,2025-05-07 23:29:53.499991,2025-05-07 23:30:01.548170,0 days 00:00:08.048179,6.45334908069846,6,75,2.044889895336351,0.11819925974437373,0.6258995713331504,0.03224313488292431,7,75,22,0.03798861199801158,0.0007768200305735335,0.8377074205117276,12,7,125,5,1.3693743383629664,0.47404161598633177,1.2160142679451549,1.7673006067910384,0.1366708696103259,9,75,0.9700562353921871,COMPLETE
131,0.519134121782494,2025-05-07 23:30:01.548329,2025-05-07 23:30:22.519022,0 days 00:00:20.970693,6.1189470899161815,8,100,2.563216868869782,0.0910983606818426,0.6475946986159723,0.024521641419654114,7,50,34,0.07899080643729786,0.009979640243927208,1.3557906195653517,13,10,225,5,1.0304918138356218,0.6195461369134502,1.033003556574286,1.997639001702563,0.008117076721254262,10,125,2.123906874491154,COMPLETE
132,0.5198293073939706,2025-05-07 23:30:22.519184,2025-05-07 23:30:40.180542,0 days 00:00:17.661358,6.721680294689299,8,100,2.9131759474656485,0.1374237281711357,0.6423380287243378,0.028926474427172364,7,50,34,0.04830603519476356,0.009139083796952318,0.5057074036568242,13,10,225,5,1.037289881437444,0.5133725490643052,1.0825371893812323,1.9976648054236799,0.008491861151518105,10,100,2.0889294914372853,COMPLETE
133,0.5212869666589188,2025-05-07 23:30:40.180700,2025-05-07 23:30:57.611357,0 days 00:00:17.430657,6.709923976125254,8,100,2.7704157131937026,0.1256902471045493,0.6070831618767853,0.030485213006567948,7,50,17,0.024941500517913492,0.007163533559871776,0.5322078309691658,12,10,225,5,1.3101335594467347,0.4965189162540071,1.055854614024349,1.879705134647771,0.008989564017419849,10,100,1.3299969404669354,COMPLETE
134,0.5192843601721825,2025-05-07 23:30:57.611520,2025-05-07 23:31:14.864834,0 days 00:00:17.253314,6.684614142590571,8,100,2.783791148892558,0.13571163882792178,0.5994743368301123,0.02830561571958065,7,50,17,0.023296637463024808,0.016594015335403566,0.6586410055603751,12,10,225,5,1.2963856241267164,0.31976967635131404,1.1528031915068349,1.896861336391491,0.006833594025897193,10,100,1.2694290379580282,COMPLETE
135,0.5197770994673795,2025-05-07 23:31:14.864991,2025-05-07 23:31:32.204414,0 days 00:00:17.339423,6.791164106649308,8,100,2.841711606686239,0.1388606105283758,0.5992422319690003,0.028588606000357623,7,50,15,0.043712901255767225,0.014302541076600395,0.5447169718109454,12,10,200,5,1.2872811812542142,0.5142134858584293,1.1445680845202932,1.9070173858893922,0.006450698175854936,10,100,1.3163458962840924,COMPLETE
136,0.521958311899635,2025-05-07 23:31:32.204574,2025-05-07 23:31:49.288425,0 days 00:00:17.083851,7.077107551376907,8,75,3.694156311539517,0.13786626488641765,0.607977386224541,0.02996977501948649,7,50,14,0.045606269691789714,0.012312777964722466,0.5390165675556036,12,10,200,5,1.4364297244622657,0.43777473922464955,1.0411203010388574,1.8648480825495568,0.0052579013994976,10,100,1.3678385389489356,COMPLETE
137,0.5233208170785764,2025-05-07 23:31:49.288593,2025-05-07 23:32:12.638621,0 days 00:00:23.350028,6.969154222504761,8,75,3.706392269177414,0.13450234163412206,0.6094853993733489,0.030009688619652985,7,50,12,0.04220490372996377,0.012167896488996804,0.5057724956184105,12,10,200,5,1.4231457611755607,0.5128741992080665,1.0409069949511807,1.8669398984954073,0.0050650142522625,10,100,1.3343741539129594,COMPLETE
138,0.5216830005212006,2025-05-07 23:32:12.638784,2025-05-07 23:32:31.622472,0 days 00:00:18.983688,7.09857783515721,8,75,3.018249357673101,0.14008169204456897,0.606438364847009,0.02616589305919318,7,50,10,0.04737432829482154,0.01314809856202419,0.5099888775662111,12,10,200,5,1.4272041646559896,0.5034895076964219,0.8591485713363741,1.8631785681195108,0.00500835417710465,10,100,1.3723768732245167,COMPLETE
139,0.5234400407361369,2025-05-07 23:32:31.622622,2025-05-07 23:32:49.751417,0 days 00:00:18.128795,7.058044873081636,8,75,4.250958098582404,0.14267542166285588,0.6097490876536327,0.026115930887509388,7,50,11,0.05509014499756863,0.0400101861192347,1.159235340742636,11,10,200,5,1.3460635222819382,0.44075002076548936,0.8243906102282318,1.8482448869381285,0.005200769738334938,10,100,1.119085748319406,COMPLETE
140,0.5154327088632514,2025-05-07 23:32:49.751577,2025-05-07 23:33:12.724517,0 days 00:00:22.972940,6.996178407302967,8,75,4.650220189543372,0.14977639373668966,0.6186300838832113,0.021656074586108864,7,50,10,0.03247654025521917,0.03701698049602537,1.031890799183705,11,10,200,5,1.4324938053385934,0.4315189600858043,0.8292804909669989,1.8528834781110115,0.005063365135267293,10,75,1.0878091692561105,COMPLETE
141,0.5209684931301077,2025-05-07 23:33:12.724773,2025-05-07 23:33:31.454377,0 days 00:00:18.729604,7.108116889126991,8,75,4.311830912999451,0.13681900262117624,0.5772628149891121,0.025775339149928526,7,50,13,0.049594830084807855,0.007438059838444747,0.5256253787261156,11,10,200,5,1.3882943385865418,0.4912684835039686,0.9162623058729428,1.7587700933451036,0.005428137061602823,10,100,1.437234819823348,COMPLETE
142,0.520802221060022,2025-05-07 23:33:31.454531,2025-05-07 23:33:50.402771,0 days 00:00:18.948240,7.381891065087825,8,75,4.232970745937908,0.12787349717546825,0.6095413167073458,0.025716726330412575,7,50,12,0.05940154864612952,0.017179392334458508,1.161951645116826,11,9,200,5,1.399373145132749,0.4506721630470073,0.7898236242646972,1.7508623122942706,0.005342044297876816,10,100,1.4523337507764629,COMPLETE
143,0.519781583505615,2025-05-07 23:33:50.402926,2025-05-07 23:34:12.968140,0 days 00:00:22.565214,7.16126089317632,8,75,4.292478967699397,0.1266788371053569,0.5707505080463925,0.01924749528721202,7,50,12,0.059304981756235504,0.0065770859876312805,1.137765712586673,11,10,175,5,1.3897333545346808,0.45615158503818476,0.7647863393056369,1.7536259396544982,0.00546193618436251,10,100,1.4302017770318591,COMPLETE
144,0.5186451421859669,2025-05-07 23:34:12.968290,2025-05-07 23:34:32.294711,0 days 00:00:19.326421,7.332135757839588,8,75,3.995005854351885,0.1150035532719975,0.5815536875537769,0.025476551317495516,8,50,10,0.2532337653570876,0.04955870018967609,0.7950333393895832,11,9,200,5,1.4817754077488194,0.37155373059763674,0.5792829055727515,1.655452876007721,0.005246495404155324,10,100,0.6804098550604558,COMPLETE
145,0.5204366329928821,2025-05-07 23:34:32.294867,2025-05-07 23:34:48.720000,0 days 00:00:16.425133,7.442503714892295,8,75,4.54815720973615,0.14932470809479156,0.6170786155906649,0.026573517117665594,7,50,14,0.10074310954903831,0.01389692407160696,1.2695204672600224,10,10,200,5,1.343900033461241,0.4926594131811885,0.9088648517599044,1.7205505746281786,0.005617204567752268,10,100,1.5195455611793018,COMPLETE
146,0.5116842718213414,2025-05-07 23:34:48.720152,2025-05-07 23:35:04.858260,0 days 00:00:16.138108,7.527064803144765,8,75,5.079254496838472,0.14342202114251618,0.6073550958355002,0.02597317870550501,7,50,15,0.11923347993359952,0.012168451517650909,1.5789001817080033,10,10,200,4,1.4515884840518847,0.48778240915009174,0.9313482542302458,1.7298829664198618,0.005883604566937301,10,100,1.0640308988062446,COMPLETE
147,0.5236162206558467,2025-05-07 23:35:04.858412,2025-05-07 23:35:21.502218,0 days 00:00:16.643806,7.370608144607227,8,75,3.8754298478003864,0.12366676921535437,0.6203705888757721,0.02288117344582365,7,50,19,0.08469723735151624,0.02699521962546304,1.273030388904943,11,10,175,5,1.3258049191612054,0.4145080224563324,0.834921386016207,1.6906878095581757,0.005604453607704177,10,100,1.4670142911933663,COMPLETE
148,0.5188455213640163,2025-05-07 23:35:21.502376,2025-05-07 23:35:34.423717,0 days 00:00:12.921341,7.227774317704786,8,75,4.614724295401186,0.1267236091689177,0.620658810242584,0.021877306257008323,8,50,19,0.10578750332034437,0.018925040883385907,1.9685449697259096,10,10,175,4,1.3982106372202336,0.20801344118817544,0.8352002955392608,1.683995945396389,0.00564597529149143,10,75,1.464972859636249,COMPLETE
149,0.517600072794388,2025-05-07 23:35:34.423879,2025-05-07 23:35:48.877670,0 days 00:00:14.453791,7.33498771087428,8,50,3.777568862481707,0.14909701472609171,0.5931617162477933,0.009080059682872899,7,50,13,0.19774502970143315,0.026588235975549285,1.2465149636708706,11,10,200,6,1.3623103627649156,0.2851248460445319,0.7738099393618638,1.6220487601366804,0.006173458492127679,10,100,7.107175194386274,COMPLETE
150,0.5116028462664123,2025-05-07 23:35:48.877826,2025-05-07 23:36:04.995674,0 days 00:00:16.117848,7.465902860217582,7,75,4.155615998633927,0.10978863607114436,0.6244306993307838,0.014165819915227274,7,50,17,0.08667964787815666,0.00777437002593918,1.5058663659875036,10,11,175,5,1.323959790529985,0.409318715451561,0.8804767363865096,1.7780962929319812,0.005070970022741937,10,100,1.6808389354681803,COMPLETE
151,0.5200878499741591,2025-05-07 23:36:04.995831,2025-05-07 23:36:21.572861,0 days 00:00:16.577030,7.077648074352652,8,75,3.497617738396135,0.13247419312619405,0.6082545057232028,0.030741512797088318,7,50,13,0.16114939620999907,0.01234596180484654,0.7562964359279774,11,10,200,5,1.2631970710029505,0.4515135725984095,0.8009088186308547,1.806472187151606,0.005359176801163733,10,100,1.3774609996302298,COMPLETE
152,0.5203345763519468,2025-05-07 23:36:21.573013,2025-05-07 23:36:38.100732,0 days 00:00:16.527719,6.9108929403934685,8,75,4.332462243185513,0.1231538580206362,0.5855796885167361,0.022810933882485132,7,50,19,1.159906820163216,0.015675812898474174,1.0752400265487583,11,10,200,5,1.5694159114133883,0.349989544752759,0.9127820609783279,1.7413250573258539,0.006107373191009855,10,100,0.9406176025862014,COMPLETE
153,0.5204985515997207,2025-05-07 23:36:38.100890,2025-05-07 23:36:54.981560,0 days 00:00:16.880670,7.544793100635766,8,75,4.509010308392692,0.1215740765913242,0.5801275716373833,0.022830200057487034,7,50,19,0.06123662524500164,0.018393689700623272,0.5249951366996495,11,10,200,5,1.5951407489752445,0.3518748613947274,0.7050582448075339,1.719665227678492,0.005845884444450271,10,100,0.8863741496383545,COMPLETE
154,0.5214641189260997,2025-05-07 23:36:54.981717,2025-05-07 23:37:11.496034,0 days 00:00:16.514317,7.589590721867055,8,75,4.4408637127549815,0.12144001083045004,0.5809417212852256,0.016981253209598052,7,50,20,6.543698707877153,0.02718888100158398,1.1464784001408488,11,10,200,5,1.5903393810556543,0.33291029485044116,0.7158184603143963,1.7135442304516275,0.006268579946584296,10,100,0.815259823345273,COMPLETE
155,0.5213654136226974,2025-05-07 23:37:11.496191,2025-05-07 23:37:27.835131,0 days 00:00:16.338940,7.62688933821279,8,75,4.534715514968612,0.12154190065707776,0.5812761354656529,0.02278659380719324,7,50,20,3.465174110370192,0.02810323115687195,1.8142254218188865,11,10,200,5,1.606049687189781,0.32267302374746054,0.6591396690826863,1.6976813496675431,0.006080425185263753,10,100,0.7150842461545528,COMPLETE
156,0.5151432831886485,2025-05-07 23:37:27.835283,2025-05-07 23:37:44.246398,0 days 00:00:16.411115,7.866799833550311,8,75,5.026652910675045,0.12494921389270403,0.5884004094926906,0.016320584145528404,7,50,20,3.617040423131363,0.025705812788908388,1.2133536019310565,11,10,200,5,1.6074150248438313,0.326454641819118,0.6445250926678058,1.7022960339319035,0.006114212900379444,10,100,0.6090596521892252,COMPLETE
157,0.5194065909409372,2025-05-07 23:37:44.246554,2025-05-07 23:38:01.018949,0 days 00:00:16.772395,7.592285822636537,8,75,4.447548022037943,0.13973835168453227,0.5789789949308207,0.023067367446227907,7,50,10,6.278429998784705,0.017393426281976623,1.8289849898621013,10,10,200,5,1.7020667462990313,0.37828723074649956,0.7465020362575732,1.6758013264266916,0.005766563175132267,10,100,0.8958308204707202,COMPLETE
158,0.516116442989289,2025-05-07 23:38:01.019112,2025-05-07 23:38:14.429222,0 days 00:00:13.410110,7.424229389814133,8,75,4.363012824372915,0.12042919941536331,0.5674857537040318,0.020231738109542225,7,50,15,1.7019939109610043,0.03269976148036902,0.5225665228803894,11,11,200,5,1.5578890986758378,0.24367125348840823,0.642712310815496,1.7300777140641124,0.005433573626457388,10,75,0.6852911591020997,COMPLETE
159,0.5214180132222314,2025-05-07 23:38:14.429381,2025-05-07 23:38:31.543620,0 days 00:00:17.114239,6.905199249430846,8,75,5.488781219112196,0.14250592916810115,0.5834117456472887,0.025938489886668515,7,50,18,1.9550377048078451,0.04495655676827974,1.3829940361092328,12,10,200,5,1.5857252441499532,0.31838005453866164,0.5896233691221652,1.85407277661641,0.005002004425400943,10,100,1.175242004765501,COMPLETE
160,0.5208068557734921,2025-05-07 23:38:31.543788,2025-05-07 23:38:48.660904,0 days 00:00:17.117116,7.728913330964423,8,75,5.5271033643643905,0.14949634927161567,0.6159585341840209,0.017812153687205092,7,50,12,5.466304540707272,0.04690893797919724,1.3419078575829544,12,11,175,5,1.6790170125957578,0.1388982883321823,0.6979213533732663,1.8439277027973295,0.005092832722808746,10,100,1.1574188672355394,COMPLETE
161,0.5179604176168139,2025-05-07 23:38:48.661068,2025-05-07 23:39:04.870013,0 days 00:00:16.208945,7.60096134886569,8,75,5.328433833743151,0.14148206606849234,0.6322721442357917,0.017773782588876633,7,50,13,4.980959484654356,0.048705764836302005,1.4503182635139313,12,11,175,5,1.6823338374101482,0.08008498947943127,0.585802547637182,1.860115955265139,0.005012385988400029,10,100,1.2017555063179695,COMPLETE
162,0.517606748081549,2025-05-07 23:39:04.870268,2025-05-07 23:39:21.292557,0 days 00:00:16.422289,7.795421737874747,8,75,5.549047500457254,0.14661851767520484,0.6146272919143988,0.025434995690812257,7,50,17,2.930887414237457,0.061008778494463886,1.6650972259525538,12,10,200,5,1.604270259010654,0.13568942383645333,0.7086465202084764,1.838151891733372,0.005601987690713575,10,100,1.5562339791928284,COMPLETE
163,0.5209958641495563,2025-05-07 23:39:21.292717,2025-05-07 23:39:40.942143,0 days 00:00:19.649426,7.129022967982114,8,75,6.261849285431902,0.13152061831934508,0.5920492997744504,0.026215713541355812,7,50,10,9.747619433883404,0.08421226305828881,1.2087559559867485,12,10,200,5,1.7926511559559695,0.28869680888288357,0.5880358304248441,1.7730360347551006,0.005325513223536731,10,100,0.7644061420428692,COMPLETE
164,0.5194546663017522,2025-05-07 23:39:40.942307,2025-05-07 23:40:03.750085,0 days 00:00:22.807778,7.182702866513963,8,75,5.991728095914812,0.129716818449983,0.5937806944288926,0.021825109828725337,7,50,11,4.649297040473495,0.041366149335577404,0.7413442053135185,12,11,200,5,1.7957354017195197,0.20021658108951607,0.5931562634471652,1.8037072403994059,0.006461476020858717,10,100,0.8058541823086015,COMPLETE
165,0.5177718053203715,2025-05-07 23:40:03.750255,2025-05-07 23:40:28.874399,0 days 00:00:25.124144,7.953923595571763,8,75,6.097788459336251,0.10924394198838175,0.5593213398201385,0.024025328749943158,7,50,21,8.53756285891453,0.0868860429170383,0.9876864016793844,12,10,175,5,1.7954394606402682,0.28077985693268137,0.6838863214409405,1.7710902452132173,0.00525306700252162,10,100,0.5113433992558774,COMPLETE
166,0.5195495347541293,2025-05-07 23:40:28.874566,2025-05-07 23:40:47.701416,0 days 00:00:18.826850,7.686618205482218,8,75,4.936645429990263,0.13608650005578482,0.5816645868061506,0.012044910809263993,7,50,17,6.278053395115846,0.022082252556347007,1.3075724537169253,12,9,200,5,1.657938860811772,0.3199346513993099,0.7141831329156255,1.8686908291508921,0.00609482371888313,10,100,1.019354046556805,COMPLETE
167,0.0,2025-05-07 23:40:47.701584,2025-05-07 23:41:04.565631,0 days 00:00:16.864047,6.963045343881061,8,75,7.230193411472315,0.11674828643469293,0.573612693402869,0.019495894784587315,7,50,10,7.2250690645240265,0.07530126584686976,1.0390519861071297,11,10,200,5,1.5172024023807906,0.14553490385575632,0.5215550496737957,0.07619261575326519,0.005359161892245468,10,75,1.1942200142582349,COMPLETE
168,0.5215825947506939,2025-05-07 23:41:04.565883,2025-05-07 23:41:30.048750,0 days 00:00:25.482867,7.201553645089821,8,225,4.0137402651399,0.12882970437308752,0.5962155954322044,0.02710672235905701,7,50,13,9.453649370032625,0.05369733863526513,0.522347571275409,12,11,200,5,1.4490652995189424,0.441033970551522,0.8436030418981408,1.8356029378025789,0.005026700198371408,10,100,0.7844718112578692,COMPLETE
169,0.5157840709129801,2025-05-07 23:41:30.048922,2025-05-07 23:41:57.772165,0 days 00:00:27.723243,7.1020724199215515,8,250,3.8146289940648392,0.1300700967915394,0.6079167911362413,0.027210167316471735,7,50,15,3.062163666148522,0.11695277881907766,0.7081473892474126,12,11,200,5,1.8833799742905777,0.4129816781104999,0.8502082149322739,1.926232929984433,0.005042744128952164,10,100,0.6607967362331646,COMPLETE
170,0.0,2025-05-07 23:41:57.772326,2025-05-07 23:42:17.560331,0 days 00:00:19.788005,7.274251860799147,5,225,4.051571724387792,0.10486446209699911,0.5967261963129278,0.031069248997917444,7,50,13,8.870196860120876,0.16515077286056998,0.8488832331182673,12,11,200,5,1.447683104708677,0.4492257355953993,0.6222264591920822,1.869845712007603,0.006930071399788427,10,100,0.7744647895889815,COMPLETE
171,0.5236170103888584,2025-05-07 23:42:17.560499,2025-05-07 23:42:44.119933,0 days 00:00:26.559434,6.869256813268731,8,225,3.630114760227257,0.12221788458477532,0.5920803517390815,0.02552806822992819,7,50,22,5.103640064853098,0.03285939143401058,0.5059484287902464,11,10,200,5,1.7595985433425916,0.3795182932957614,0.8067456628109474,1.835132493670417,0.0058307368020043115,10,100,4.888610682405405,COMPLETE
172,0.0,2025-05-07 23:42:44.120090,2025-05-07 23:43:10.955184,0 days 00:00:26.835094,6.900242482750692,8,225,3.7067536984188583,0.13982969597618924,0.5938640586080052,0.025284364454630243,7,50,21,2.264313990210048,0.052533416875036223,0.7589650978692757,11,10,200,5,1.7234824936151714,0.2517133218555167,0.8044003088079473,1.8323560551719786,0.005379583475117864,10,100,5.873878096157832,COMPLETE
173,0.0,2025-05-07 23:43:10.955346,2025-05-07 23:43:34.316497,0 days 00:00:23.361151,7.097957075525125,8,225,4.046478954175493,0.12915230907441955,0.6084628876172784,0.020716683554567468,7,50,10,4.740632445422127,0.0332080993643954,0.503886127903389,12,11,200,5,1.8298685205182328,0.38807599528811487,0.985011106944069,1.7829008062250775,0.005010636628808744,10,100,4.6986801640048,COMPLETE
174,0.5193183662235561,2025-05-07 23:43:34.316666,2025-05-07 23:43:59.854628,0 days 00:00:25.537962,7.32552932995886,8,225,5.439454676211346,0.11269552402247729,0.6337532479778979,0.026943921294313777,7,50,17,9.79843934417735,0.03924922189423768,1.1291435620026493,12,10,200,5,1.4932716628921594,0.4330446230485428,1.0387022132760995,1.8448786594639763,0.0063571817013365565,10,100,3.7331303945731036,COMPLETE
175,0.0,2025-05-07 23:43:59.854793,2025-05-07 23:44:27.068605,0 days 00:00:27.213812,6.811715723252285,8,225,6.639993538225234,0.12154806238913055,0.6234625407598645,0.02435677138981995,7,50,23,5.568035706248839,0.005328231746739112,0.937417476482316,11,9,175,5,1.759534462018269,0.30132400575316953,0.7421063121278527,1.9169471871108283,0.005838842875793725,10,100,5.11215284479156,COMPLETE
176,0.5248268061055493,2025-05-07 23:44:27.068766,2025-05-07 23:44:46.676448,0 days 00:00:19.607682,7.1675852724704034,8,75,3.463839013345681,0.13253697004923,0.5977487051301041,0.01640418499346621,8,50,14,7.41726350629984,0.023806004807673153,1.4329400167619406,12,10,200,5,1.40624242840279,0.47477874594059105,0.8753242779658833,1.81711213250632,0.005560627896451578,10,100,1.3174921138764193,COMPLETE
