number,value,datetime_start,datetime_complete,duration,params_cat_class_weight_0_cb,params_cat_depth,params_cat_iterations,params_cat_l2_leaf_reg,params_cat_learning_rate,params_rf_max_depth,params_rf_min_samples_leaf,params_rf_n_estimators,params_smote_k_neighbors,params_w_cat,params_w_rf,params_w_xgb,params_xgb_learning_rate,params_xgb_max_depth,params_xgb_n_estimators,state
0,0.5124247887847013,2025-05-07 18:23:51.230511,2025-05-07 18:23:56.890504,0 days 00:00:05.659993,4.864594334728975,7,200,1.0485387725194617,0.051059032093947576,10,7,200,3,0.6272924049005918,2.514083658321223,0.7157834209670008,0.011430983876313222,3,75,COMPLETE
1,0.5124802325898479,2025-05-07 18:23:56.890655,2025-05-07 18:24:00.146765,0 days 00:00:03.256110,1.3985320197126188,5,100,6.097839109531514,0.028580510658069373,8,5,100,2,0.2347061968879934,1.5912798713994738,1.8180022496999233,0.013787764619353767,6,100,COMPLETE
2,0.5087574969571786,2025-05-07 18:24:00.146904,2025-05-07 18:24:03.197895,0 days 00:00:03.050991,2.728296095500716,7,50,1.324458134009935,0.027551959649510765,4,10,75,5,0.850461946640049,0.19972671123413335,2.737029166028468,0.020165721691808594,7,200,COMPLETE
3,0.5117661363766778,2025-05-07 18:24:03.198028,2025-05-07 18:24:18.092920,0 days 00:00:14.894892,0.8982162592336378,8,200,8.353610755311761,0.03961867790406585,8,6,100,5,1.0434579592134665,0.6683503010155211,0.23115913784056039,0.05958443469672518,8,75,COMPLETE
4,0.5149153225823692,2025-05-07 18:24:18.093053,2025-05-07 18:24:20.367686,0 days 00:00:02.274633,1.3942205669037757,4,175,5.918951335463645,0.09702573394120728,11,5,75,3,2.1498862971580897,0.11601413965844697,2.464838142519019,0.013833249975219963,6,75,COMPLETE
5,0.5046400913602036,2025-05-07 18:24:20.367825,2025-05-07 18:24:22.687391,0 days 00:00:02.319566,3.783227802521288,4,100,2.114381362663436,0.020463613363481608,4,5,175,6,1.469423282969653,1.9489166669301181,2.672916953471347,0.042004723167022,8,50,COMPLETE
6,0.5133443349664949,2025-05-07 18:24:22.687518,2025-05-07 18:24:25.305933,0 days 00:00:02.618415,3.3638468506870116,4,100,1.075051292556307,0.0128201004189169,10,7,150,1,2.73194277438567,1.0116323451213474,1.5748550043776381,0.033322135755462355,5,175,COMPLETE
7,0.509575256609398,2025-05-07 18:24:25.306060,2025-05-07 18:24:31.452808,0 days 00:00:06.146748,4.116524346046015,8,200,7.438075634395301,0.0429935945473144,10,4,100,2,1.6640925015553871,0.6410531707695039,2.6884210956209356,0.014495102383254688,4,50,COMPLETE
8,0.5056906991273553,2025-05-07 18:24:31.452938,2025-05-07 18:24:34.481155,0 days 00:00:03.028217,1.4994851471182862,4,200,2.6146345949334338,0.03241509528627273,6,2,200,6,2.834438141346306,0.44760956526768014,1.079083997070521,0.06576801979658928,5,75,COMPLETE
9,0.5072979237137115,2025-05-07 18:24:34.481279,2025-05-07 18:24:38.161889,0 days 00:00:03.680610,3.243039502909536,5,125,1.0886466671993769,0.0192681711094762,10,5,125,3,0.9080747462861731,1.5577691673636984,0.2492883786249691,0.017855922645162278,8,200,COMPLETE
10,0.5166222773606072,2025-05-07 18:24:38.162023,2025-05-07 18:24:40.897014,0 days 00:00:02.734991,2.3023974670169207,6,150,4.767094923122824,0.09825681117931943,12,9,50,7,2.197986791007865,2.755350115258736,2.1119953161735388,0.022977987901849524,6,150,COMPLETE
11,0.5146719268135064,2025-05-07 18:24:40.897140,2025-05-07 18:24:43.521154,0 days 00:00:02.624014,2.1717172141744054,6,150,4.566905551248555,0.09805964220983925,12,10,50,7,2.296356241723994,2.9884479420675625,2.184746246131296,0.022614298145629732,6,150,COMPLETE
12,0.514062992669418,2025-05-07 18:24:43.521280,2025-05-07 18:24:45.987826,0 days 00:00:02.466546,2.234834652811537,6,150,4.2764593042329935,0.09908707064515261,12,8,50,4,2.1416504687417453,2.201205392754437,2.0985518866560997,0.02791456267917753,6,125,COMPLETE
13,0.5073701448090576,2025-05-07 18:24:45.987953,2025-05-07 18:24:48.401057,0 days 00:00:02.413104,0.5127936686344703,5,150,4.359819065996036,0.06605360073012073,12,3,50,7,2.187826823316347,1.138391323363635,2.3148674452530735,0.09537303250101811,7,125,COMPLETE
14,0.5059424053260365,2025-05-07 18:24:48.401192,2025-05-07 18:24:51.911465,0 days 00:00:03.510273,2.029742390035583,7,175,9.98026046208968,0.067269555616883,11,9,75,4,1.7386564595318574,2.9951748954652015,1.329302378901567,0.011247734850411062,4,150,COMPLETE
15,0.5126844047485136,2025-05-07 18:24:51.911601,2025-05-07 18:24:54.672425,0 days 00:00:02.760824,1.4474732374136055,5,175,5.691043005769223,0.07217939082548544,9,8,75,3,2.4582995786290622,2.4636149871628232,2.9923688876308234,0.025355477090709806,7,100,COMPLETE
16,0.5095142045222073,2025-05-07 18:24:54.672568,2025-05-07 18:24:57.379561,0 days 00:00:02.706993,2.6640561226679873,6,125,3.239041932844498,0.0739638298515656,7,7,125,5,1.9365156545111415,1.1752872476250034,1.829488499385168,0.039476398851033226,5,150,COMPLETE
17,0.516000009383906,2025-05-07 18:24:57.379692,2025-05-07 18:25:00.137028,0 days 00:00:02.757336,1.7313406372356965,4,175,3.255936580861176,0.05388941806420576,11,3,75,1,1.376661748162582,1.8808681304682058,2.4750249251314993,0.016523771977231677,6,125,COMPLETE
18,0.5102406659695596,2025-05-07 18:25:00.137152,2025-05-07 18:25:02.135744,0 days 00:00:01.998592,1.8409805006381714,7,50,2.031081163869943,0.051599206998694,11,2,50,1,1.3144852830373508,1.9520998459815617,1.9571246507165538,0.0178343422200303,4,175,COMPLETE
19,0.5073594047225711,2025-05-07 18:25:02.135872,2025-05-07 18:25:05.322487,0 days 00:00:03.186615,2.59776136006613,5,125,3.405750334055093,0.054386610243893865,9,3,125,6,1.2441964986344805,2.5809233635883695,1.51226042094263,0.03006506723831569,7,175,COMPLETE
20,0.5166768360203496,2025-05-07 18:25:05.322623,2025-05-07 18:25:07.769520,0 days 00:00:02.446897,3.242720615933728,6,150,2.684160135824904,0.08005847836656348,6,3,75,2,2.569105608138355,2.1187235700861615,2.952581483550488,0.018493386957226413,5,100,COMPLETE
21,0.5160133700997677,2025-05-07 18:25:07.769646,2025-05-07 18:25:10.171086,0 days 00:00:02.401440,3.1143532868329267,6,150,2.590986508450646,0.08141701599116281,6,3,75,2,2.9941306059059616,1.9401463006780368,2.901994126530943,0.016689777896754462,5,100,COMPLETE
22,0.515914931331561,2025-05-07 18:25:10.171211,2025-05-07 18:25:12.735809,0 days 00:00:02.564598,3.280530392327805,6,150,2.3406771551332475,0.0842280485836641,6,4,100,2,2.995022399881409,2.2476378756791178,2.9602303191171897,0.021038163097947718,5,100,COMPLETE
23,0.5080721037927921,2025-05-07 18:25:12.735935,2025-05-07 18:25:14.947265,0 days 00:00:02.211330,4.064369923490038,6,150,1.7837164139791473,0.08189988909578924,5,4,50,2,2.576354812018664,2.6991218826484418,2.797211676275933,0.025651105956582824,3,100,COMPLETE
24,0.5127279066657165,2025-05-07 18:25:14.947396,2025-05-07 18:25:17.758610,0 days 00:00:02.811214,3.060675310636672,7,125,1.6263404553427292,0.06185140293887062,6,2,75,4,2.553898554466484,2.2046181382556154,2.474768633720925,0.01598092467786102,4,125,COMPLETE
25,0.5099569542783283,2025-05-07 18:25:17.758738,2025-05-07 18:25:20.422952,0 days 00:00:02.664214,3.849441210110924,6,75,2.7017243417811545,0.08201165466937704,7,6,150,2,2.997933181716866,1.7376095900580448,2.2898497544876886,0.010446081768090585,5,150,COMPLETE
26,0.5125795277427875,2025-05-07 18:25:20.423075,2025-05-07 18:25:23.138094,0 days 00:00:02.715019,2.4281275982180963,6,150,3.711979659223424,0.010094137874723014,5,9,100,1,1.8705786205194057,2.7689456570287088,2.990669700313499,0.03445777753032041,5,100,COMPLETE
27,0.5036588330646532,2025-05-07 18:25:23.138220,2025-05-07 18:25:25.628213,0 days 00:00:02.489993,4.578773511583008,6,175,2.756805902339725,0.04206297037510769,7,3,50,3,2.753998096925126,1.3269889911937391,2.5843668810984752,0.02158050674082204,4,125,COMPLETE
28,0.5084550050163493,2025-05-07 18:25:25.628340,2025-05-07 18:25:28.172660,0 days 00:00:02.544320,2.9780799281664674,7,100,3.8240853303690114,0.08485757980125555,5,4,75,4,2.3789695165328197,2.339559171431825,1.969040180025285,0.012804887656764725,6,100,COMPLETE
29,0.5056901082996971,2025-05-07 18:25:28.172793,2025-05-07 18:25:30.049819,0 days 00:00:01.877026,3.623649719574094,5,125,4.945526148241513,0.06071546849899128,9,6,50,3,2.630720966740114,2.0799723747122445,0.7662574568813505,0.04918118019849758,3,75,COMPLETE
30,0.5006344708803032,2025-05-07 18:25:30.049945,2025-05-07 18:25:35.977542,0 days 00:00:05.927597,4.9639305345948,8,175,1.605420415046467,0.03736874078980244,7,8,150,7,1.9901928609775223,2.4692321894318674,2.8104786863935276,0.0184051791795507,5,50,COMPLETE
31,0.5165810890989507,2025-05-07 18:25:35.977713,2025-05-07 18:25:39.773565,0 days 00:00:03.795852,1.682508267163573,7,175,2.9894183389191378,0.0554122172150831,11,3,75,1,1.4173841591173129,1.7449412783441882,2.419575873252853,0.016622282412422012,6,125,COMPLETE
32,0.5169911974581254,2025-05-07 18:25:39.773699,2025-05-07 18:25:43.253853,0 days 00:00:03.480154,2.9451110850532025,7,150,2.3816832792167784,0.07674317786194754,8,3,75,1,2.8851652369424863,1.4247946919091865,2.3745081961755314,0.015013336958265254,6,125,COMPLETE
33,0.5144084760179884,2025-05-07 18:25:43.253985,2025-05-07 18:25:47.332064,0 days 00:00:04.078079,2.368468095790181,7,175,2.8738326436964847,0.05847531860582396,8,2,100,1,1.614562507747575,1.3798064539604467,2.3362285771873914,0.0128048704080008,6,125,COMPLETE
34,0.5191325313275935,2025-05-07 18:25:47.332198,2025-05-07 18:25:51.868186,0 days 00:00:04.535988,2.8738125262732237,7,200,2.1932542493799367,0.047086702041275526,8,4,100,1,0.43894455403944754,1.7199354828175037,2.1137302257255888,0.023415864182671463,7,150,COMPLETE
35,0.5185893882610145,2025-05-07 18:25:51.868314,2025-05-07 18:25:58.827396,0 days 00:00:06.959082,2.8540227021005684,8,200,2.199226835927065,0.046460845919913,8,4,125,2,0.6630541299952886,1.4829486208824343,1.6808282056099415,0.02358617007856749,7,150,COMPLETE
36,0.519532173202389,2025-05-07 18:25:58.827538,2025-05-07 18:26:06.073775,0 days 00:00:07.246237,2.7780004462238397,8,200,2.182864300536047,0.043766584328991866,8,5,125,2,0.4267517972075585,1.438237135246514,1.6884771780435888,0.019841659031340414,7,175,COMPLETE
37,0.5191430920082186,2025-05-07 18:26:06.073908,2025-05-07 18:26:13.118511,0 days 00:00:07.044603,2.763934431129523,8,200,1.3582195148817653,0.04657740031185778,8,5,125,1,0.3395228971449721,1.4085094637007447,1.6289351164300037,0.027244140433023402,7,175,COMPLETE
38,0.5189593851396217,2025-05-07 18:26:13.118659,2025-05-07 18:26:20.629317,0 days 00:00:07.510658,2.8082872487348705,8,200,1.3137454343748503,0.04531209379879277,8,6,150,2,0.2843365630704283,0.8654166449029314,1.6273302378770964,0.025828424077169433,7,175,COMPLETE
39,0.5221053961787019,2025-05-07 18:26:20.629448,2025-05-07 18:26:28.422469,0 days 00:00:07.793021,3.540934866870767,8,200,1.4457188089925905,0.03595804014559931,9,5,175,1,0.1310730937961745,0.8995581731881932,1.2557669334084438,0.03630229015460699,8,175,COMPLETE
40,0.5219118195785815,2025-05-07 18:26:28.422608,2025-05-07 18:26:36.283424,0 days 00:00:07.860816,3.4969779357077306,8,200,1.3649636338966895,0.026916089840561663,9,5,175,1,0.13282915283502555,0.7171568434455546,1.2283145563128308,0.036074924334602715,8,200,COMPLETE
41,0.5217729062038171,2025-05-07 18:26:36.283553,2025-05-07 18:26:44.280691,0 days 00:00:07.997138,3.7401715889973643,8,200,1.2418635186987146,0.024861214903089738,9,5,175,1,0.1034795722282804,0.8258083873284007,1.26673401118747,0.037577381556133584,8,200,COMPLETE
42,0.5207511410112572,2025-05-07 18:26:44.280819,2025-05-07 18:26:52.219943,0 days 00:00:07.939124,4.537040195457006,8,200,1.338603359633426,0.024867720803899394,9,5,175,1,0.12277498333571212,0.7662459343144643,1.259437961069288,0.03811068423284487,8,200,COMPLETE
43,0.5218823815914794,2025-05-07 18:26:52.220073,2025-05-07 18:27:00.192688,0 days 00:00:07.972615,4.529247965587,8,200,1.223509609857979,0.02467005919183376,9,5,175,1,0.10536451658904855,0.5154568398441124,1.1669226928025742,0.047573168920792656,8,200,COMPLETE
44,0.5190864491356979,2025-05-07 18:27:00.192825,2025-05-07 18:27:08.304738,0 days 00:00:08.111913,4.493052897166891,8,200,1.2025470948526227,0.023042820944565664,9,5,175,1,0.11335263370162105,0.45324940601144,1.1099898800357424,0.04901747314335111,8,200,COMPLETE
45,0.5177212902964938,2025-05-07 18:27:08.304864,2025-05-07 18:27:16.538972,0 days 00:00:08.234108,4.596181038271561,8,200,1.0359345930869506,0.02526131083343791,10,5,200,1,0.10607788064654415,0.7472519485384349,0.957994482874656,0.03888206741261337,8,200,COMPLETE
46,0.5185390503822923,2025-05-07 18:27:16.539100,2025-05-07 18:27:24.368803,0 days 00:00:07.829703,4.245847464040711,8,200,1.4780112779682206,0.01677092643155951,10,7,175,1,0.6035784900997154,0.3271542447123668,1.2617786080071292,0.05052237056765071,8,200,COMPLETE
47,0.5188748238844628,2025-05-07 18:27:24.368932,2025-05-07 18:27:32.314081,0 days 00:00:07.945149,3.6182293067608957,8,200,1.1955570863960647,0.02953195074842026,9,5,175,1,0.5889232118163656,0.8779536294953985,1.4168795586732186,0.059351939722376,8,200,COMPLETE
48,0.5176854043864539,2025-05-07 18:27:32.314210,2025-05-07 18:27:39.531378,0 days 00:00:07.217168,4.78469225833122,8,175,1.1669325292449264,0.034485113150745386,10,6,175,1,0.22041111112789125,0.5596204349496923,0.8886872270891899,0.04410701012786147,8,200,COMPLETE
49,0.5144938073477662,2025-05-07 18:27:39.531508,2025-05-07 18:27:47.688302,0 days 00:00:08.156794,4.326764180536568,8,200,1.774755688662456,0.01838900590335,9,5,200,2,0.7644198768839899,0.16514678136497474,1.2306392452690562,0.034994398365179806,8,200,COMPLETE
50,0.5146135715639585,2025-05-07 18:27:47.688428,2025-05-07 18:27:55.743253,0 days 00:00:08.054825,3.946617626330199,8,200,1.3774477757645616,0.026336494625871926,9,6,175,1,0.4478306581852796,1.011588717004387,0.5488419794653588,0.0684447252707927,8,200,COMPLETE
51,0.5155833260769372,2025-05-07 18:27:55.743379,2025-05-07 18:28:03.649240,0 days 00:00:07.905861,3.476101569060738,8,200,1.5664553732188586,0.022554433580834265,9,5,175,2,0.4091137751981546,0.7001875420942443,1.1219707005876085,0.030354775807902114,8,175,COMPLETE
52,0.5211633202811686,2025-05-07 18:28:03.649373,2025-05-07 18:28:11.791650,0 days 00:00:08.142277,3.6837437862112026,8,200,1.8973549101996239,0.029524018845484223,10,6,200,1,0.2337978793016337,0.29573585582914363,1.4298270913366675,0.0380136965632738,8,175,COMPLETE
53,0.5202685086066317,2025-05-07 18:28:11.791780,2025-05-07 18:28:19.291047,0 days 00:00:07.499267,3.649922698736877,8,175,1.875459887734827,0.03007975784648114,10,6,200,1,0.1827029768819317,0.30394456317800433,1.4184085656564334,0.037573475006048726,8,175,COMPLETE
54,0.5176410850501708,2025-05-07 18:28:19.291175,2025-05-07 18:28:27.045205,0 days 00:00:07.754030,4.213075291009144,8,200,1.267485955818099,0.033480666345245456,10,7,150,1,0.9853437480141487,0.5427397861858633,0.9775879182164975,0.04211898869026077,8,200,COMPLETE
55,0.5180032787208305,2025-05-07 18:28:27.045357,2025-05-07 18:28:34.385630,0 days 00:00:07.340273,4.004732010249387,8,175,1.4690299041690398,0.024074811423510187,9,5,200,1,0.2580827414523584,0.8110820282641078,1.2023414313090637,0.04519178641209603,8,175,COMPLETE
56,0.5141787755854511,2025-05-07 18:28:34.385752,2025-05-07 18:28:42.566290,0 days 00:00:08.180538,4.7721278318269755,8,200,1.0015091392371214,0.020987406530518407,10,4,200,2,0.5461011216479821,0.9849564634439845,1.3733266046451573,0.03290708623756415,8,200,COMPLETE
57,0.5222453653205744,2025-05-07 18:28:42.566414,2025-05-07 18:28:47.451245,0 days 00:00:04.884831,3.710984281312231,7,175,1.1075293581887686,0.027532460484111364,9,7,175,1,0.1097805526796598,0.28412142620913544,1.4991808357273806,0.05663913573874817,7,175,COMPLETE
58,0.5076347097312709,2025-05-07 18:28:47.451379,2025-05-07 18:28:52.158124,0 days 00:00:04.706745,3.766572827102438,7,175,1.1272301467104107,0.027710183104530637,11,7,150,5,0.31750670581532003,0.28537851164735006,1.5094786196516878,0.0565656465992479,7,175,COMPLETE
59,0.5125050485420187,2025-05-07 18:28:52.158252,2025-05-07 18:28:57.068065,0 days 00:00:04.909813,3.8145020471134807,7,175,1.0574301786029514,0.036786520722212786,9,6,175,2,0.712677572369023,0.10278047141048097,0.629509896704514,0.0735107521003784,7,175,COMPLETE
60,0.5157595642522823,2025-05-07 18:28:57.068189,2025-05-07 18:29:01.360517,0 days 00:00:04.292328,3.4135621269241425,7,75,1.441368087196347,0.03144280338972684,10,7,200,3,0.5167940066829108,0.43144213472692505,1.7705202738708357,0.08222327666775743,8,175,COMPLETE
61,0.520061167891445,2025-05-07 18:29:01.360674,2025-05-07 18:29:09.198123,0 days 00:00:07.837449,4.443753685238259,8,200,1.248827130612864,0.027418051631389894,9,6,175,1,0.1012477687896429,0.6065334317376141,1.3125199362313942,0.05253622836274971,8,200,COMPLETE
62,0.5223090780990222,2025-05-07 18:29:09.198249,2025-05-07 18:29:17.175640,0 days 00:00:07.977391,3.4944300479438413,8,200,1.699706126674295,0.01699550347598637,9,5,175,1,0.20714875683237233,1.1583278110681232,1.5107990762153203,0.03602578528155483,8,200,COMPLETE
63,0.5189726561842235,2025-05-07 18:29:17.175769,2025-05-07 18:29:25.005107,0 days 00:00:07.829338,3.4906596894864395,8,200,1.94101496392585,0.016689402068491396,10,4,150,1,0.20790090883822704,1.1530424202427938,1.5125081061944294,0.04573553144704104,8,200,COMPLETE
64,0.5179557266417744,2025-05-07 18:29:25.005235,2025-05-07 18:29:32.011761,0 days 00:00:07.006526,3.2212523180480117,8,175,1.7037472756050782,0.014732658274810994,9,6,175,1,0.36073316365679053,0.469008679463377,1.0274729828689568,0.031184168436253455,7,175,COMPLETE
65,0.5187737984296766,2025-05-07 18:29:32.011890,2025-05-07 18:29:40.090438,0 days 00:00:08.078548,3.661541925745025,8,200,1.1152918549718054,0.02040116486300543,10,5,175,1,0.23728830006740004,1.2819951616367549,0.8478212992782894,0.035806537345888914,8,200,COMPLETE
66,0.5156373685981085,2025-05-07 18:29:40.090582,2025-05-07 18:29:47.131155,0 days 00:00:07.040573,3.9104190650936586,8,175,1.542185505419006,0.012620871007588182,9,8,150,2,0.3135162049762905,0.9468422914975989,1.1568973269951297,0.04144320104511684,8,175,COMPLETE
67,0.520209887734835,2025-05-07 18:29:47.131285,2025-05-07 18:29:52.363948,0 days 00:00:05.232663,4.120653384351385,7,200,1.6949990807461348,0.039975082057429064,8,4,200,1,0.8401572509534274,0.3702341806721485,1.8634126526325143,0.05544717254877123,7,200,COMPLETE
68,0.5206197647864153,2025-05-07 18:29:52.364078,2025-05-07 18:30:00.323758,0 days 00:00:07.959680,3.1498501282173947,8,200,1.2584293488265568,0.031237812182320038,9,6,175,2,0.4974092220041313,0.2324771532691663,1.4574547743516548,0.04069857319233184,8,175,COMPLETE
69,0.5168813841354732,2025-05-07 18:30:00.323883,2025-05-07 18:30:05.053530,0 days 00:00:04.729647,3.3800988988130136,7,175,1.387416480648586,0.022295963728281395,10,7,175,1,0.16380732845927004,1.0866439359447815,1.0566716578608304,0.028511740299179186,7,150,COMPLETE
70,0.5214429654928702,2025-05-07 18:30:05.053656,2025-05-07 18:30:13.644556,0 days 00:00:08.590900,3.527108858314613,8,200,6.962981307340209,0.03566599132203746,11,5,200,1,0.3724400459013333,0.5281665879211331,1.363111133830617,0.04687822255757708,8,200,COMPLETE
71,0.5185668857645035,2025-05-07 18:30:13.644684,2025-05-07 18:30:22.000132,0 days 00:00:08.355448,3.536972223263435,8,200,7.523148843210045,0.03453713076463782,11,5,200,1,0.25865848926975765,0.6428311597252118,1.3523750610272631,0.0625941209834574,8,200,COMPLETE
72,0.5193614203104899,2025-05-07 18:30:22.000257,2025-05-07 18:30:30.333795,0 days 00:00:08.333538,3.3541484648343625,8,200,6.59502018943433,0.03764523316757984,12,5,200,1,1.1195848029088196,0.5223249016510171,1.544828598603668,0.04617954366155706,8,200,COMPLETE
73,0.5197029234383068,2025-05-07 18:30:30.333923,2025-05-07 18:30:38.556107,0 days 00:00:08.222184,3.769700916388144,8,200,8.562708438033088,0.029501204967124786,11,4,175,1,0.3833181464932773,0.6459661799549866,1.1881578022009387,0.03318909691258288,8,200,COMPLETE
74,0.5181067269864118,2025-05-07 18:30:38.556237,2025-05-07 18:30:46.810135,0 days 00:00:08.253898,3.052406068686312,8,200,1.1072675457513947,0.026280827784595673,10,5,200,1,0.20396998159778623,1.2513332671182038,1.3104181243382114,0.036777187040218026,8,175,COMPLETE
75,0.5268867268468335,2025-05-07 18:30:46.810264,2025-05-07 18:30:54.855747,0 days 00:00:08.045483,0.9362381235065316,8,200,5.518283624385334,0.028152160091621834,9,6,150,1,0.31635672731519254,0.390877696551057,1.6000939223513424,0.04299889197811972,8,200,COMPLETE
76,0.5046135657310129,2025-05-07 18:30:54.855877,2025-05-07 18:30:59.523768,0 days 00:00:04.667891,2.017546002003825,7,175,6.408359908447753,0.019123610318364515,8,5,150,6,0.3331571893957611,0.9057353445836572,1.7322314574247004,0.05307049207271984,7,200,COMPLETE
77,0.5179855755150821,2025-05-07 18:30:59.523898,2025-05-07 18:31:06.941299,0 days 00:00:07.417401,4.101401505950301,8,200,5.1450785397633885,0.023612293728722113,7,6,150,2,0.4553971813694645,0.7737826946746877,1.5843213051276788,0.048495069445576605,8,200,COMPLETE
78,0.5235632869761639,2025-05-07 18:31:06.941425,2025-05-07 18:31:14.055235,0 days 00:00:07.113810,0.6693282477870858,8,175,5.452876225779447,0.03235072051121631,9,4,175,1,0.16299258326268914,1.0731441865550004,1.9077132271993154,0.04294766104624062,7,200,COMPLETE
79,0.521076555099724,2025-05-07 18:31:14.055367,2025-05-07 18:31:21.190963,0 days 00:00:07.135596,1.0428219549866913,8,175,4.391526142522226,0.03250302157845994,9,4,175,1,0.175019771572868,1.0662866683942953,1.822391658669552,0.04309900145387059,7,200,COMPLETE
80,0.5235616024823964,2025-05-07 18:31:21.191088,2025-05-07 18:31:26.116096,0 days 00:00:04.925008,0.5900263369743572,7,175,5.304976450694647,0.02144086974489064,9,4,175,2,0.10456690168178097,1.220115038635159,1.8988630938612152,0.0398502290629565,7,200,COMPLETE
81,0.5205435265191237,2025-05-07 18:31:26.116224,2025-05-07 18:31:30.877812,0 days 00:00:04.761588,0.7708289931342809,7,175,5.608448284857203,0.021554931325867017,9,4,175,2,0.13967602735471435,1.0990430717685218,1.8731557870583726,0.04015499677562492,7,200,COMPLETE
82,0.5222520397468785,2025-05-07 18:31:30.877950,2025-05-07 18:31:37.470370,0 days 00:00:06.592420,0.8011576148409753,8,150,5.278084554937326,0.025911072340331614,9,4,175,1,0.10270599233747384,1.215567397438807,2.011571316774116,0.03420673111456011,7,200,COMPLETE
83,0.5213441111543329,2025-05-07 18:31:37.470502,2025-05-07 18:31:43.579526,0 days 00:00:06.109024,0.6710760968835535,8,150,5.354865364701261,0.02770689946688318,8,4,175,1,0.2933976479096857,1.2079956390017221,2.0097149210443894,0.031674548600028385,6,200,COMPLETE
84,0.5185959435178246,2025-05-07 18:31:43.579677,2025-05-07 18:31:47.038827,0 days 00:00:03.459150,1.1887539573704393,4,150,4.737940874782909,0.01961708984594285,9,3,150,2,0.17567180637288138,1.2967808422471172,2.2353737115174623,0.034460329336788074,7,200,COMPLETE
85,0.5187519995018529,2025-05-07 18:31:47.038954,2025-05-07 18:31:51.958831,0 days 00:00:04.919877,0.5359974118368683,7,150,5.774990173810094,0.02556688524090507,9,4,175,1,0.2915600509159675,1.583480186155569,1.933994352369939,0.028522993381867146,7,200,COMPLETE
86,0.5206845847510047,2025-05-07 18:31:51.958959,2025-05-07 18:31:58.867756,0 days 00:00:06.908797,0.911912717521983,8,175,4.081425248667485,0.017768169542299588,8,4,175,2,0.23699383728789938,0.3919819577599573,2.1664155477084663,0.043347575900482285,6,200,COMPLETE
87,0.5237093199185758,2025-05-07 18:31:58.867878,2025-05-07 18:32:04.401222,0 days 00:00:05.533344,1.131793550455261,8,125,6.155889282708499,0.014921636509250394,9,8,150,1,0.1084164650816948,0.7125459363054092,2.063260821397646,0.04023700734418072,7,200,COMPLETE
88,0.514078809445384,2025-05-07 18:32:04.401351,2025-05-07 18:32:08.605368,0 days 00:00:04.204017,1.2139056745357906,7,125,5.978805060375811,0.01304720117950106,9,8,150,3,0.46348535087759124,1.4919918199651738,2.001010304203822,0.035718251258363934,7,200,COMPLETE
89,0.5202458614737514,2025-05-07 18:32:08.605506,2025-05-07 18:32:13.268184,0 days 00:00:04.662678,0.8252351126882455,8,100,5.119593993704646,0.01446234079506289,8,8,150,1,0.3861965918814828,0.7140923952469809,1.7612844877372023,0.03211580778988209,7,150,COMPLETE
90,0.5206031925519042,2025-05-07 18:32:13.268315,2025-05-07 18:32:18.708138,0 days 00:00:05.439823,0.6342843766934448,8,125,5.455732133605949,0.0149069386663944,9,9,175,1,0.17806632901301103,1.199756611857038,2.0521521886505965,0.029789601143807683,6,175,COMPLETE
91,0.5208809071814492,2025-05-07 18:32:18.708267,2025-05-07 18:32:24.424670,0 days 00:00:05.716403,1.0667689009640267,8,125,6.162721827303496,0.027340459800038783,9,3,175,1,0.10113816517970978,1.028193043326136,2.1097050552468843,0.040281956299624666,7,200,COMPLETE
92,0.5192762724885988,2025-05-07 18:32:24.424802,2025-05-07 18:32:29.741779,0 days 00:00:05.316977,1.3401387051367362,8,100,7.133865538049222,0.024434277835198463,9,9,175,1,0.2751955911838034,0.599691764160785,1.9501547112811368,0.05227758572360567,7,200,COMPLETE
93,0.5207414849769585,2025-05-07 18:32:29.741912,2025-05-07 18:32:36.867704,0 days 00:00:07.125792,0.9149275981612699,8,175,4.802262118586823,0.016865496312110612,9,8,175,1,0.17817195927285176,1.3496260394524093,1.6117599043823625,0.039423151177570365,7,200,COMPLETE
94,0.5188278179171945,2025-05-07 18:32:36.867829,2025-05-07 18:32:43.143192,0 days 00:00:06.275363,0.595420148074411,8,150,6.343605741845765,0.01576002289353913,8,10,150,1,0.33950909918010613,0.9386370536753192,1.7048751372023043,0.042611831967857054,7,200,COMPLETE
95,0.5182678829430857,2025-05-07 18:32:43.143328,2025-05-07 18:32:50.073510,0 days 00:00:06.930182,0.7409133747771498,8,175,3.516337201506071,0.013398435357667835,9,4,175,1,0.1514779304920882,0.19108187463677367,2.1843979061078618,0.033761607889116835,7,175,COMPLETE
96,0.519531800427656,2025-05-07 18:32:50.073641,2025-05-07 18:32:56.378156,0 days 00:00:06.304515,2.5539355428898203,8,150,7.889853205395202,0.03087533209305373,10,7,175,1,0.5605061745308857,0.8615258363211635,1.8707321152728338,0.04823513356129678,6,200,COMPLETE
97,0.5230998814155339,2025-05-07 18:32:56.378286,2025-05-07 18:33:00.825375,0 days 00:00:04.447089,0.9743895012285098,6,175,4.468156385180612,0.028820436095872353,9,7,175,1,0.24826892701160433,0.6920824960678014,2.053430723911014,0.036254493442098495,8,200,COMPLETE
98,0.5068700395260669,2025-05-07 18:33:00.825509,2025-05-07 18:33:04.098447,0 days 00:00:03.272938,1.0332407221417998,6,150,3.973421635627658,0.011194674564894055,8,7,150,2,0.23539271526762345,0.8095087508236603,2.2595622631751198,0.03569650488993673,8,50,COMPLETE
99,0.5215765162586742,2025-05-07 18:33:04.098596,2025-05-07 18:33:08.551722,0 days 00:00:04.453126,1.3274209868525348,6,175,4.442909728928815,0.033001683225588295,9,7,175,1,0.6621419267354491,1.1277431384618215,2.0884140526168293,0.036778596950400255,7,200,COMPLETE
100,0.5173572857419043,2025-05-07 18:33:08.551858,2025-05-07 18:33:12.332806,0 days 00:00:03.780948,0.8359812292461529,5,175,5.393544104772041,0.02843651639961531,10,7,125,2,0.4013785847012575,0.9463911532621825,1.8007982307969415,0.026550851352196907,8,200,COMPLETE
101,0.5194075353290235,2025-05-07 18:33:12.332937,2025-05-07 18:33:16.883332,0 days 00:00:04.550395,1.5437144601160848,6,175,5.0255250007714665,0.026223976794794546,9,5,175,1,0.13218046998779218,0.7021802888355756,1.8989221852109066,0.04420226093706,8,200,COMPLETE
102,0.521726549468501,2025-05-07 18:33:16.883465,2025-05-07 18:33:21.821619,0 days 00:00:04.938154,0.9862367918348671,6,200,5.953778137588883,0.039504529289702404,9,5,175,1,0.28521884327772157,0.5014907267674628,1.4697205935459843,0.038670424396599345,8,200,COMPLETE
103,0.5261219965861686,2025-05-07 18:33:21.821749,2025-05-07 18:33:29.209252,0 days 00:00:07.387503,1.1880421132043486,8,175,1.1741304016224627,0.02161444065335305,9,6,175,1,0.1984778734763552,0.39587356854386924,2.069328011571073,0.06045310915160265,8,200,COMPLETE
104,0.5235417434799038,2025-05-07 18:33:29.209381,2025-05-07 18:33:36.327315,0 days 00:00:07.117934,0.5190459267557667,8,175,4.205057300156444,0.021632406366880307,9,6,175,1,0.20515304149890995,0.39138781123101685,1.6687748923654366,0.07251266406851617,8,200,COMPLETE
105,0.5198577716459395,2025-05-07 18:33:36.327446,2025-05-07 18:33:39.616502,0 days 00:00:03.289056,1.1898417925836886,5,125,4.630718426416409,0.022814401018586297,4,6,175,1,0.4914088817076916,0.241997757403566,2.0228588082282783,0.0739378442667357,8,200,COMPLETE
106,0.5208606785803739,2025-05-07 18:33:39.616648,2025-05-07 18:33:47.075378,0 days 00:00:07.458730,0.7183220617420031,8,175,4.1543859083100125,0.020339826176904437,9,6,175,1,0.22596139885075164,0.3498537781155779,1.6741081500376116,0.08299010483909136,8,175,COMPLETE
107,0.5190276097528587,2025-05-07 18:33:47.075506,2025-05-07 18:33:51.618142,0 days 00:00:04.542636,0.5910354334171789,7,175,3.067722026187483,0.021243718487872033,8,7,150,1,1.5392007881853889,0.45427537534673,2.3670463643280955,0.06794251594946908,7,200,COMPLETE
108,0.507848291547387,2025-05-07 18:33:51.618271,2025-05-07 18:33:58.378427,0 days 00:00:06.760156,1.1389201588904911,8,150,3.674310557493959,0.01868205842212163,9,6,175,5,0.3383790158967983,0.15939331075216168,2.1468680420684088,0.05958055955809253,8,200,COMPLETE
109,0.5213892633687622,2025-05-07 18:33:58.378571,2025-05-07 18:34:04.779570,0 days 00:00:06.400999,0.5136471466585029,8,175,6.713238846454853,0.01787411009261501,9,6,125,1,0.2017526873086189,0.5840876578682997,1.6611601279482264,0.09168558391407743,7,175,COMPLETE
110,0.5213639115647906,2025-05-07 18:34:04.779695,2025-05-07 18:34:12.026041,0 days 00:00:07.246346,0.826756869807576,8,175,5.605100750626282,0.019991409661190528,10,8,175,1,0.42315283123872627,1.0274758960405213,1.9417601807360638,0.0735254778446346,8,200,COMPLETE
111,0.5164148605152312,2025-05-07 18:34:12.026164,2025-05-07 18:34:19.242249,0 days 00:00:07.216085,0.9308204713098073,8,175,5.205381802964023,0.02351141803883394,9,6,175,1,0.10465508099087502,0.41348092366768735,1.5773682077620679,0.06530923817925308,8,200,COMPLETE
112,0.5192014683259367,2025-05-07 18:34:19.242380,2025-05-07 18:34:26.818163,0 days 00:00:07.575783,0.6812141881603769,8,175,1.1664965703322623,0.028451799769837357,9,7,175,1,0.2712697303550673,0.6805350515412182,2.0503439354608055,0.05678896046824132,8,200,COMPLETE
113,0.5218761522396748,2025-05-07 18:34:26.818291,2025-05-07 18:34:33.945762,0 days 00:00:07.127471,0.7940117189414732,8,175,4.8460044785940175,0.022130855930757958,8,3,175,1,0.15803400375284243,0.2662169905894268,1.759520064561889,0.029735807749142255,8,200,COMPLETE
114,0.5227480954134874,2025-05-07 18:34:33.945890,2025-05-07 18:34:38.126308,0 days 00:00:04.180418,1.2695555575810344,8,50,1.2954677761324573,0.026404565503698043,9,4,175,1,0.21237450111338702,1.2269284206868238,1.817288705828872,0.06218610147034347,8,200,COMPLETE
115,0.5206233112202042,2025-05-07 18:34:38.126437,2025-05-07 18:34:42.508471,0 days 00:00:04.382034,1.525856483675781,8,50,1.3037891274031943,0.029355291422821107,9,4,175,1,0.326646755243548,1.22547895653575,2.2255516911285,0.07812591330789954,8,200,COMPLETE
116,0.5204704234707269,2025-05-07 18:34:42.508601,2025-05-07 18:34:47.187826,0 days 00:00:04.679225,1.3295348468235755,8,50,4.504302884214773,0.031256462450982125,9,4,175,1,0.21577661007918567,1.1600786681699016,1.9127109963100624,0.06350304239274528,8,200,COMPLETE
117,0.5191242246660047,2025-05-07 18:34:47.187951,2025-05-07 18:34:50.743769,0 days 00:00:03.555818,1.1080379277719938,7,75,1.0472869868369052,0.03460722743292958,10,6,150,1,0.2741796784637274,1.0642598139361485,1.8009298017992181,0.06226691216720229,7,200,COMPLETE
118,0.5174734928576173,2025-05-07 18:34:50.743893,2025-05-07 18:34:55.782050,0 days 00:00:05.038157,0.9698108468542443,8,75,5.8267867736765515,0.025719395483699118,9,4,175,2,0.364197034763004,1.0030548443989487,1.5064407447877266,0.05392821303591608,8,175,COMPLETE
119,0.5181415008020404,2025-05-07 18:34:55.782191,2025-05-07 18:35:02.191987,0 days 00:00:06.409796,1.4215674084085217,8,150,4.280107662886101,0.015970043343268948,9,3,175,1,1.8292992856388035,1.3118768651370936,1.8387758148180346,0.06870215409338332,7,200,COMPLETE
120,0.511649155749789,2025-05-07 18:35:02.192113,2025-05-07 18:35:08.866604,0 days 00:00:06.674491,1.2390440871039428,8,175,1.418841892221851,0.023854161812789158,10,6,200,1,0.17420860847120567,1.5009658632338316,1.983067393958035,0.03401614362429239,3,200,COMPLETE
121,0.5219316476819107,2025-05-07 18:35:08.866748,2025-05-07 18:35:16.734656,0 days 00:00:07.867908,1.634039439931318,8,200,1.1608137402288718,0.02659571357677911,9,5,175,1,0.10127545426037243,0.8674459466569534,2.076292059646387,0.04067800812590263,8,200,COMPLETE
122,0.5187683332389746,2025-05-07 18:35:16.734782,2025-05-07 18:35:24.842510,0 days 00:00:08.107728,0.6078489764741886,8,200,1.3047022272753863,0.030146251488671744,9,4,175,1,0.10331550324112695,0.8392950175760318,0.17154205702178138,0.04161956096550529,8,200,COMPLETE
123,0.5139020590754036,2025-05-07 18:35:24.842649,2025-05-07 18:35:32.419841,0 days 00:00:07.577192,1.278440715495466,8,175,1.1852118387419532,0.02652922791960577,9,5,175,4,0.21706705693282285,0.7710658934975249,2.0742276036601512,0.03798887747118355,8,200,COMPLETE
124,0.5179244927860187,2025-05-07 18:35:32.419976,2025-05-07 18:35:40.192056,0 days 00:00:07.772080,1.1210466460867046,8,200,1.131338061577248,0.028148956290514626,9,9,175,1,0.16023464478588686,1.3790982010857724,1.7172740069522894,0.05028198434683185,8,200,COMPLETE
125,0.5216191241606466,2025-05-07 18:35:40.192182,2025-05-07 18:35:47.573826,0 days 00:00:07.381644,1.636223724021385,8,175,1.5321477769989647,0.032312374615503875,8,4,175,1,0.2958739196338773,0.9013249674570549,2.5738764759219515,0.04047566452282849,8,200,COMPLETE
126,0.5227407556351159,2025-05-07 18:35:47.573948,2025-05-07 18:35:55.452529,0 days 00:00:07.878581,0.8766261958735966,8,200,6.219202258389412,0.02170231685358332,9,5,175,1,0.24061738210928546,1.266884376339347,2.122620558042433,0.05858278626835192,8,200,COMPLETE
127,0.5196217112817915,2025-05-07 18:35:55.452660,2025-05-07 18:36:00.439776,0 days 00:00:04.987116,0.8865359056995017,7,175,6.151853454350697,0.021078637715250623,8,4,150,1,0.2407842826183813,1.244260084048033,2.1353693513956595,0.05933614256244107,8,200,COMPLETE
128,0.5200292374884374,2025-05-07 18:36:00.439910,2025-05-07 18:36:04.796364,0 days 00:00:04.356454,0.7338380731615928,8,50,5.533759002233571,0.022055661617052358,9,7,175,1,0.40650876057387497,1.6674810276671117,2.31116801487803,0.05733874550958028,8,175,COMPLETE
129,0.5207931624261187,2025-05-07 18:36:04.796495,2025-05-07 18:36:09.866996,0 days 00:00:05.070501,0.5276728524454961,8,75,6.690867417279361,0.02486376378281879,9,5,200,1,2.076656752358521,1.138397273089649,1.642645626445605,0.07061560832029656,7,200,COMPLETE
130,0.5202287239272277,2025-05-07 18:36:09.867140,2025-05-07 18:36:14.960247,0 days 00:00:05.093107,0.9851912160569073,8,100,2.4545794145057918,0.019504671961729038,9,8,175,1,0.3203271334171162,1.4418663420400748,1.9058724315096558,0.06386334279584406,7,150,COMPLETE
131,0.5271479524201608,2025-05-07 18:36:14.960378,2025-05-07 18:36:22.717932,0 days 00:00:07.757554,0.8814447423156896,8,200,4.90391705555534,0.023608635795549338,9,5,175,1,0.1698271614868191,0.3463390876398809,2.020317103732752,0.04674521447178352,8,200,COMPLETE
132,0.5224785060510678,2025-05-07 18:36:22.718074,2025-05-07 18:36:30.729151,0 days 00:00:08.011077,0.8623647477508918,8,200,4.912982857979439,0.02345114989761901,9,5,175,1,0.1981838268047701,0.3187395361941408,2.012046370892925,0.045306044621499425,8,200,COMPLETE
133,0.5239877270877565,2025-05-07 18:36:30.729286,2025-05-07 18:36:38.723352,0 days 00:00:07.994066,0.8710463125038234,8,200,4.924044494199163,0.023383389277341574,9,5,175,1,0.20945152813228027,0.3532180441633439,2.207765414193563,0.04571336147786186,8,200,COMPLETE
134,0.5189686177271303,2025-05-07 18:36:38.723477,2025-05-07 18:36:46.960214,0 days 00:00:08.236737,0.8742552446294437,8,200,4.977230137227924,0.023259147495863317,9,5,175,1,0.19742542609974228,0.34624599925237404,2.0067114798138572,0.04712454444812825,8,200,COMPLETE
135,0.5245810570895798,2025-05-07 18:36:46.960338,2025-05-07 18:36:54.978414,0 days 00:00:08.018076,0.6951714364145748,8,200,5.231846753498992,0.0226763850591718,9,5,175,1,0.2339038587984733,0.40112193563154497,2.1793060360915777,0.04491102478004323,8,200,COMPLETE
136,0.5253085486157941,2025-05-07 18:36:54.978576,2025-05-07 18:37:02.948299,0 days 00:00:07.969723,0.6841940116508082,8,200,4.588548687136636,0.020835257840921835,10,5,175,1,0.45001258738711314,0.3727133557054605,2.2458090794222425,0.04472279157780957,8,200,COMPLETE
137,0.5223071608442339,2025-05-07 18:37:02.948429,2025-05-07 18:37:10.927161,0 days 00:00:07.978732,0.6706672599529406,8,200,4.5330933804065365,0.021413214756943622,10,5,175,1,0.48770603851225947,0.3770802818859644,2.256133132050011,0.045156748749720935,8,200,COMPLETE
138,0.5236587415858613,2025-05-07 18:37:10.927291,2025-05-07 18:37:16.068725,0 days 00:00:05.141434,1.0469667916875718,6,200,3.8779094017237745,0.0227383413743651,10,5,175,1,0.3663589819783936,0.47234726298638097,2.195867566020274,0.05121161254475037,8,200,COMPLETE
139,0.5179194345610332,2025-05-07 18:37:16.068872,2025-05-07 18:37:20.955672,0 days 00:00:04.886800,1.0662389723180024,6,200,4.176359485010175,0.020606471463432117,10,6,150,2,0.5378856455505543,0.4781240678335671,2.4686627811944626,0.05021879762771528,8,200,COMPLETE
140,0.520294280117343,2025-05-07 18:37:20.955799,2025-05-07 18:37:25.831898,0 days 00:00:04.876099,1.0150982762006537,6,200,3.916210392493537,0.022458458170604823,10,5,175,1,0.36475382975847803,0.410594140971693,2.184332616425038,0.05145477617195388,8,200,COMPLETE
141,0.5243692469184664,2025-05-07 18:37:25.832040,2025-05-07 18:37:30.602364,0 days 00:00:04.770324,0.8921377220964626,6,200,4.661285763561725,0.024266932504365197,10,5,175,1,0.281905574881574,0.3061165170029716,2.4021535066787476,0.044738279941804446,8,200,COMPLETE
142,0.5164746096401293,2025-05-07 18:37:30.602493,2025-05-07 18:37:35.489766,0 days 00:00:04.887273,0.7387658273186156,6,200,4.6346979168705,0.02457532703956282,10,5,175,1,0.4346795499226175,0.2154807506327068,2.3789293628173236,0.05443162428741555,8,200,COMPLETE
143,0.5230539523406982,2025-05-07 18:37:35.489902,2025-05-07 18:37:40.463242,0 days 00:00:04.973340,0.5843328665521106,6,200,3.3838807269747595,0.02208870205070748,10,5,175,1,0.266980000057968,0.1359850053717408,2.420428279989474,0.04371231752324073,8,200,COMPLETE
144,0.5228152261892106,2025-05-07 18:37:40.463377,2025-05-07 18:37:45.287147,0 days 00:00:04.823770,0.5963495030646793,6,200,3.469147223092821,0.022849559292801913,11,6,175,1,0.3059417631473224,0.10101367386005622,2.31659958747914,0.042851788948553966,8,200,COMPLETE
145,0.522541525155661,2025-05-07 18:37:45.287280,2025-05-07 18:37:50.091646,0 days 00:00:04.804366,0.509870650911409,6,200,3.4661880100081515,0.018886843779526912,11,6,175,1,0.29273500677358016,0.1540182688024164,2.5215274833972248,0.04316107137386827,8,200,COMPLETE
146,0.5224606871611427,2025-05-07 18:37:50.091774,2025-05-07 18:37:55.028334,0 days 00:00:04.936560,0.6029621101424231,6,200,3.7718695460553024,0.019885732284484266,11,6,175,1,0.3712483363367385,0.11197199188003777,2.398516569583883,0.04716670423835833,8,200,COMPLETE
147,0.5243300022571865,2025-05-07 18:37:55.028473,2025-05-07 18:37:59.879170,0 days 00:00:04.850697,0.6600129017303022,6,200,3.1161508088288095,0.02240213797601256,10,5,175,1,0.31082745119616767,0.239734140665407,2.306719149062474,0.04462620402796811,8,200,COMPLETE
148,0.5184613046723724,2025-05-07 18:37:59.879302,2025-05-07 18:38:04.667280,0 days 00:00:04.787978,0.6884981426633993,6,200,4.369687456260298,0.02437461593705093,10,5,175,1,0.44794030134014573,0.26510642678669016,2.4354185805820734,0.0445017351495117,8,200,COMPLETE
149,0.5208256175214467,2025-05-07 18:38:04.667420,2025-05-07 18:38:09.159327,0 days 00:00:04.491907,0.7696477274306561,6,200,3.320492565805122,0.02093758107539309,10,5,100,1,0.3738149847532716,0.20131545308865134,2.625789416262246,0.048365699256731516,8,200,COMPLETE
150,0.5164290309038568,2025-05-07 18:38:09.159460,2025-05-07 18:38:14.318875,0 days 00:00:05.159415,0.957920358412025,6,200,3.614477264725216,0.017674174639710744,10,5,200,1,1.2560848373810178,0.3170257980664188,2.2091660273868094,0.03891241735568945,8,200,COMPLETE
151,0.5261559199166979,2025-05-07 18:38:14.319007,2025-05-07 18:38:20.371961,0 days 00:00:06.052954,0.6139157395184534,6,200,2.926054859626405,0.022830355800178306,11,6,175,1,0.2904554948197419,0.42686140830701236,2.317823321129963,0.042245077250268596,8,200,COMPLETE
152,0.523164992930821,2025-05-07 18:38:20.372091,2025-05-07 18:38:25.039573,0 days 00:00:04.667482,0.6858161548253978,6,200,2.7821069518733905,0.022701164159786832,12,5,175,1,0.26757689216430974,0.4415054872813984,2.2845535215290456,0.04551656733859598,8,200,COMPLETE
153,0.5228047024513668,2025-05-07 18:38:25.039705,2025-05-07 18:38:29.961987,0 days 00:00:04.922282,0.7111348433434762,6,200,2.934455979610112,0.023020046037008492,12,6,175,1,0.311710891600232,0.4322676290797395,2.3410488074937397,0.04569096980082726,8,200,COMPLETE
154,0.5233394126654707,2025-05-07 18:38:29.962117,2025-05-07 18:38:35.180821,0 days 00:00:05.218704,0.7980380493977266,6,200,2.734093826321083,0.025236553329139724,12,5,175,1,0.26076145500162284,0.5566771266673582,2.2743868330912664,0.041780177207960074,8,200,COMPLETE
155,0.5063880305473861,2025-05-07 18:38:35.180956,2025-05-07 18:38:39.244901,0 days 00:00:04.063945,0.7911384417505509,6,200,2.7325034692583174,0.0248844321358402,12,5,175,6,0.40772202076547837,0.5263017118168245,2.3011416844412476,0.04955423891675918,8,75,COMPLETE
156,0.5235694827987856,2025-05-07 18:38:39.245037,2025-05-07 18:38:47.888875,0 days 00:00:08.643838,0.5093246425635115,6,200,3.1407467889096643,0.020368196522863046,12,5,175,1,0.15947850358974158,0.37739622125325534,2.233143204019159,0.04220834382392986,8,200,COMPLETE
157,0.5238305222642974,2025-05-07 18:38:47.889012,2025-05-07 18:38:52.504367,0 days 00:00:04.615355,0.643156307659302,6,200,3.1771485917768456,0.020161469805848528,12,5,175,1,0.14964412637435992,0.3811358625430207,2.235053493476235,0.04099736132727411,8,200,COMPLETE
158,0.5175765351775357,2025-05-07 18:38:52.504499,2025-05-07 18:38:57.891246,0 days 00:00:05.386747,0.507677473341422,6,200,5.125831567052648,0.020107363329009843,12,5,175,2,0.15322636011350438,0.36038407975331305,2.202645179043741,0.04179024088420551,8,200,COMPLETE
159,0.5223915695105835,2025-05-07 18:38:57.891382,2025-05-07 18:39:05.926239,0 days 00:00:08.034857,0.6835664351786691,6,200,4.7774505118371025,0.018609748990335163,11,6,150,1,0.16662519926778305,0.39114465290820893,2.512889150798607,0.047010117649965044,8,200,COMPLETE
160,0.519436385310971,2025-05-07 18:39:05.926370,2025-05-07 18:39:10.633721,0 days 00:00:04.707351,0.6307829099569688,6,200,5.2093079281810715,0.020672898617069203,12,5,175,1,1.1143372245596632,0.27795599900631174,2.14434558099071,0.03897661515502744,8,200,COMPLETE
161,0.5106841886210204,2025-05-07 18:39:10.633858,2025-05-07 18:39:19.749693,0 days 00:00:09.115835,0.8259897069356856,6,200,3.1647558224440115,0.021947559784509386,12,5,175,3,0.16452902489260862,0.5689631083013068,2.237353544174653,0.041226430706345456,8,200,COMPLETE
162,0.5221797890019083,2025-05-07 18:39:19.749825,2025-05-07 18:39:24.734505,0 days 00:00:04.984680,0.5131092721004926,6,200,3.1494982813837544,0.024046019564345638,12,5,175,1,0.2236500399665141,0.47848959300563954,2.3568628936961757,0.042791662975180424,8,200,COMPLETE
163,0.5219567301994553,2025-05-07 18:39:24.734650,2025-05-07 18:39:34.607012,0 days 00:00:09.872362,0.7720712892609213,6,200,2.89121432677703,0.01923909062326486,12,5,175,1,0.2948659016438408,0.33843659972525386,2.2631937077737723,0.051630846512822626,8,200,COMPLETE
164,0.5202685912394786,2025-05-07 18:39:34.607146,2025-05-07 18:39:39.183912,0 days 00:00:04.576766,0.9218994758563355,5,200,2.5259493037848304,0.025329542336183286,11,5,175,1,0.3459256601201279,0.5022614438923767,2.169483864765904,0.04820303173271078,8,200,COMPLETE
165,0.5202260989016064,2025-05-07 18:39:39.184041,2025-05-07 18:39:47.588263,0 days 00:00:08.404222,0.6283029814821166,6,125,3.0017533037504593,0.020910867438746813,12,6,175,1,0.1621794688424286,0.6107168459181667,2.115895590446775,0.0404022669428032,8,200,COMPLETE
166,0.5202707239018313,2025-05-07 18:39:47.588398,2025-05-07 18:39:52.490306,0 days 00:00:04.901908,0.8229048234774801,6,200,5.482353659897139,0.023807937951354302,12,5,175,1,0.24977067083950066,0.41207703517825767,2.2293957836455705,0.04448209570601999,8,200,COMPLETE
167,0.5230659791449402,2025-05-07 18:39:52.490442,2025-05-07 18:39:58.058495,0 days 00:00:05.568053,1.1288981051480445,6,200,2.616775371762142,0.021353495045303317,11,6,175,1,0.3359200088972072,0.23514618330565396,2.330407698405802,0.04212244714312613,8,200,COMPLETE
168,0.5236380269324737,2025-05-07 18:39:58.058633,2025-05-07 18:40:06.111148,0 days 00:00:08.052515,0.7393583746392931,6,200,3.252796586799624,0.011056456907281286,12,5,175,1,0.15062134048499892,0.35274763274219084,2.183174747934746,0.037819580286910015,8,200,COMPLETE
169,0.5168685991989096,2025-05-07 18:40:06.111288,2025-05-07 18:40:10.085990,0 days 00:00:03.974702,0.5947534713322384,6,200,3.986930382886299,0.019590174103579737,11,5,175,1,0.1378386230730732,0.3080290106950375,2.173738724833579,0.03743742413545476,5,200,COMPLETE
170,0.5201345568074537,2025-05-07 18:40:10.086136,2025-05-07 18:40:19.013670,0 days 00:00:08.927534,0.701283148670045,6,125,3.294137280484534,0.01199918516641609,10,6,175,1,0.19672181136862468,0.3708897625339863,2.0780519005460296,0.04649442109553469,8,200,COMPLETE
171,0.5201900008573604,2025-05-07 18:40:19.013805,2025-05-07 18:40:23.824276,0 days 00:00:04.810471,0.9181257885524642,6,200,2.3215541812636786,0.022953813296256727,12,5,175,1,0.263645034691178,0.4575971532628067,2.252473401094015,0.039663859832979265,8,200,COMPLETE
172,0.5242067832388709,2025-05-07 18:40:23.824410,2025-05-07 18:40:33.014542,0 days 00:00:09.190132,0.764225070736359,6,200,3.2040451611133096,0.021460196295984453,12,5,175,1,0.10031504527032854,0.5539658644615327,2.2847232947059593,0.04323177484412926,8,200,COMPLETE
173,0.5234344925283052,2025-05-07 18:40:33.014669,2025-05-07 18:40:38.089942,0 days 00:00:05.075273,1.0435720074740773,6,200,3.1580945934203304,0.012107198669422174,12,5,175,1,0.14446160770957459,0.2675154251938625,2.397859448427368,0.04407175123430921,8,200,COMPLETE
174,0.5181702808394363,2025-05-07 18:40:38.090073,2025-05-07 18:40:46.896190,0 days 00:00:08.806117,0.6365518693057596,6,200,5.662479222253437,0.021945934782978262,12,5,175,1,0.10627951496665253,0.3900456669596922,2.1290190948075507,0.048597080319277536,8,200,COMPLETE
175,0.5202411134981336,2025-05-07 18:40:46.896323,2025-05-07 18:40:51.747341,0 days 00:00:04.851018,0.5093161347896905,6,200,4.944432547021793,0.01100558234490098,12,5,175,1,0.19215831613835033,0.3261377735066488,2.1938242361634672,0.03926178672442999,8,200,COMPLETE
176,0.519624845391608,2025-05-07 18:40:51.747478,2025-05-07 18:40:56.598564,0 days 00:00:04.851086,0.7471889175801498,6,200,3.621144630639646,0.013990289132685777,11,5,175,1,2.277887903134132,0.487088894926752,1.9648377063358193,0.043622143855767535,8,200,COMPLETE
177,0.5264500397927542,2025-05-07 18:40:56.598705,2025-05-07 18:41:06.012985,0 days 00:00:09.414280,0.8779721519818924,6,200,4.677715345838306,0.010069205138270046,12,10,175,1,0.21265778455682738,0.21676045066189112,2.296750521648279,0.04167231182026489,8,200,COMPLETE
178,0.5235122727318166,2025-05-07 18:41:06.013120,2025-05-07 18:41:11.147300,0 days 00:00:05.134180,0.8721346017771039,6,200,3.0499189411959278,0.01094227604024973,12,5,175,1,0.15536910633557754,0.21820494505743865,2.3111925590576856,0.04105711866776649,8,200,COMPLETE
179,0.5125551221442914,2025-05-07 18:41:11.147436,2025-05-07 18:41:20.650134,0 days 00:00:09.502698,0.9619274977289021,6,200,4.72301597768968,0.01803893160565442,12,10,175,1,0.10105502047263942,0.1978277659778377,0.39080363558968134,0.04604669606655024,8,200,COMPLETE
180,0.5190215124130803,2025-05-07 18:41:20.650263,2025-05-07 18:41:25.765729,0 days 00:00:05.115466,1.056716746412908,6,200,5.3283405037055145,0.010146857504388953,12,4,175,1,0.22155074004023323,0.290755476662001,2.4633173825352395,0.03805009234842794,8,200,COMPLETE
181,0.5218615616318532,2025-05-07 18:41:25.765865,2025-05-07 18:41:34.240933,0 days 00:00:08.475068,0.7178048440644087,4,200,4.276200800183087,0.010182606728584608,12,9,175,1,0.209634808996914,0.42654472101299534,2.3530173921108757,0.04265011231881332,8,200,COMPLETE
182,0.5203646104463804,2025-05-07 18:41:34.241065,2025-05-07 18:41:38.952703,0 days 00:00:04.711638,0.6286680899229775,6,200,5.80323799999396,0.020439783099826362,11,10,175,1,0.3347310738860894,0.36918245244901876,2.1991892864580844,0.04492622967310319,8,200,COMPLETE
183,0.5190415141296737,2025-05-07 18:41:38.952861,2025-05-07 18:41:48.166266,0 days 00:00:09.213405,0.8553179124137207,6,200,5.030335406498958,0.01052402725633115,10,5,175,1,0.16616939706152792,0.5201906188948445,2.2706302616060374,0.04993807251028145,8,200,COMPLETE
184,0.5187936148573487,2025-05-07 18:41:48.166410,2025-05-07 18:41:52.577404,0 days 00:00:04.410994,0.5836973703840589,6,200,3.826100971555065,0.011453834139489761,12,5,125,1,0.2666398649905658,0.3407185739724098,2.084067501224914,0.04041607803074661,8,200,COMPLETE
185,0.5194149211497394,2025-05-07 18:41:52.577535,2025-05-07 18:41:57.555197,0 days 00:00:04.977662,0.7485013343999907,6,200,4.595906870302314,0.02163431818694289,10,5,175,1,0.20925380582272182,0.44663108362104803,2.1395181174608062,0.047065580185515994,8,200,COMPLETE
186,0.5227198026442416,2025-05-07 18:41:57.555337,2025-05-07 18:42:09.263871,0 days 00:00:11.708534,2.1146939893516294,8,200,3.2464017639224734,0.02336088031851347,9,2,175,1,0.10350448982845224,0.25432456291663,2.223979624402033,0.04244666042233934,8,200,COMPLETE
187,0.5214963889202521,2025-05-07 18:42:09.264001,2025-05-07 18:42:22.072460,0 days 00:00:12.808459,0.9133037558931819,8,200,5.2955015056508,0.020017734448495365,12,6,175,1,0.3096426548758753,0.3864439418097596,2.0341152715140445,0.0448381612978158,8,200,COMPLETE
188,0.5208370378600503,2025-05-07 18:42:22.072603,2025-05-07 18:42:26.786037,0 days 00:00:04.713434,0.6673783641099242,6,200,4.188878194123091,0.015462262396932365,10,5,175,1,0.2446854188830861,0.617141193454494,2.408165096727809,0.039200765200861146,8,200,COMPLETE
189,0.5177749349909263,2025-05-07 18:42:26.786181,2025-05-07 18:42:38.980508,0 days 00:00:12.194327,1.0031011014577702,8,200,4.788918094041555,0.022406543017055844,9,4,150,1,0.38819799960791396,0.31347138820053866,2.297419575639683,0.05332293179079793,8,200,COMPLETE
190,0.5190617727811085,2025-05-07 18:42:38.980640,2025-05-07 18:42:51.287333,0 days 00:00:12.306693,0.5019825656882133,8,200,2.8314644382425427,0.09037691308803272,11,6,175,1,0.18518043671159062,0.17262991013541762,2.1505718899529906,0.03719054400024681,8,200,COMPLETE
191,0.522135253638243,2025-05-07 18:42:51.287461,2025-05-07 18:42:56.199115,0 days 00:00:04.911654,0.8566276404154094,6,200,3.003115580320421,0.01051932560885701,12,5,175,1,0.1620937805763337,0.22147076380150416,2.3237351990196915,0.041017310725553154,8,200,COMPLETE
192,0.5240835023190304,2025-05-07 18:42:56.199246,2025-05-07 18:43:05.558733,0 days 00:00:09.359487,0.794037436652436,6,200,3.15570797193689,0.01106164228753414,12,6,175,1,0.10003682014819966,0.23795717728978583,2.2879156506220375,0.041601982856098216,8,200,COMPLETE
193,0.523817138995823,2025-05-07 18:43:05.558866,2025-05-07 18:43:10.477072,0 days 00:00:04.918206,0.7934821581302234,6,200,3.3147664882564483,0.0119517084694209,12,6,175,1,0.14273246444900037,0.41509836272855,2.22944646576232,0.04361071147889877,8,200,COMPLETE
194,0.5229762853655265,2025-05-07 18:43:10.477201,2025-05-07 18:43:20.057015,0 days 00:00:09.579814,1.1638582934446913,6,200,3.367271689492067,0.011883779813321454,12,6,175,1,0.1418150531100082,0.4743141696585749,2.238224670600618,0.043752332604394956,8,200,COMPLETE
195,0.5244402421889552,2025-05-07 18:43:20.057157,2025-05-07 18:43:24.985093,0 days 00:00:04.927936,0.788864525943483,6,200,3.0755604673476418,0.012871168663210388,12,6,175,1,0.25691408741196475,0.3025682279684453,2.35177047053716,0.04637658101261438,8,200,COMPLETE
196,0.5164480047061405,2025-05-07 18:43:24.985244,2025-05-07 18:43:33.989850,0 days 00:00:09.004606,0.7882231152065791,6,200,3.1930674674794806,0.01257865236884199,12,6,175,1,0.31404574758255366,0.28367929609642795,2.3666743596034525,0.0471270523079663,8,200,COMPLETE
197,0.5189439636453945,2025-05-07 18:43:33.989983,2025-05-07 18:43:38.698588,0 days 00:00:04.708605,1.8913290304012413,6,200,2.902128222058294,0.011392433898088118,12,6,175,1,0.2548945594770612,2.9012473434052444,2.5152995736745627,0.04966903004916821,8,200,COMPLETE
198,0.5217081534635087,2025-05-07 18:43:38.698726,2025-05-07 18:43:47.444664,0 days 00:00:08.745938,0.953780824854305,6,200,3.0386707891018894,0.013163132695807591,12,6,175,1,0.10140870015737749,0.3266497022639947,2.425754260272769,0.0454814329681459,8,200,COMPLETE
199,0.526675334377578,2025-05-07 18:43:47.444796,2025-05-07 18:43:52.442358,0 days 00:00:04.997562,0.7874350059829663,6,200,3.3608508350154103,0.010672483420352473,12,6,175,1,0.2253283976277165,0.43002197953852,2.2705762455714833,0.042639499227945354,8,200,COMPLETE
